record_id,dataset,query,role,baseline_top1_id,baseline_top1_name,baseline_score,baseline_flag,baseline_abs_label_from_top1_consistency_review,baseline_abs_certainty_from_top1_consistency_review,improved_top1_id,improved_top1_name,improved_score,improved_flag,pass1_baseline_label,pass1_improved_label,pass1_improvement_label,pass1_certainty,pass1_confidence,pass1_reason,pass2_baseline_label,pass2_improved_label,pass2_improvement_label,pass2_certainty,pass2_confidence,pass2_reason,pass3_baseline_label,pass3_improved_label,pass3_improvement_label,pass3_certainty,pass3_confidence,pass3_reason,final_baseline_consistency_label,final_improved_consistency_label,final_improvement_label,final_certainty,final_confidence,vote_agreement,uncertainty_tag,final_reason
0,corpus,Secondary visual cortex,llm_accept_top1,HOMBA:AA30822,dorsolateral extrastriate occipital cortex,0.8347,needs_review,ambiguous,low,HOMBA:AA30823,"dorsal secondary visual cortex (dorsal area 18, dorsal area OB, area 18a)",0.7547,needs_review,broader_parent,aligned,improved_better,high,0.95,Improved directly names secondary visual cortex; baseline is broader extrastriate cortex.,broader_parent,partial_or_narrower,improved_better,high,0.9,"Baseline 'dorsolateral extrastriate occipital cortex' is broader (includes secondary visual cortex). Improved 'dorsal secondary visual cortex' is a specific part, thus partial/narrower. Improved is more specific and closer to the query than the broad parent, an improvement.",ambiguous,partial_or_narrower,no_material_change,medium,0.7,"Baseline is ambiguous (dorsolateral extrastriate occipital cortex could be broader or partial). Improved is dorsal secondary visual cortex, partial/narrower than the query. Both miss the full secondary visual cortex.",broader_parent,partial_or_narrower,improved_better,medium,0.85,2/3,majority_vote,"Improved directly names secondary visual cortex; baseline is broader extrastriate cortex. | Baseline 'dorsolateral extrastriate occipital cortex' is broader (includes secondary visual cortex). Improved 'dorsal secondary visual cortex' is a specific part, thus partial/narrower. Improved is more specific and closer to the query than the broad parent, an improvement. | Baseline is ambiguous (dorsolateral extrastriate occipital cortex could be broader or partial). Improved is dorsal secondary visual cortex, partial/narrower than the query. Both miss the full secondary visual cortex."
1,corpus,Superior parietal gyrus,llm_accept_top1,HOMBA:12131,parietal lobe,0.8771,needs_review,broader_parent,high,HOMBA:12133,superior parietal lobule (gyrus),0.7971,needs_review,broader_parent,aligned,improved_better,high,0.95,Improved is exact match for superior parietal gyrus; baseline is broader parietal lobe.,broader_parent,aligned,improved_better,high,0.98,Baseline 'parietal lobe' is a broader parent. Improved 'superior parietal lobule (gyrus)' exactly matches the query 'Superior parietal gyrus'. Clear improvement.,broader_parent,aligned,improved_better,high,0.95,"Improved candidate (superior parietal lobule/gyrus) directly matches the query, while baseline (parietal lobe) is too broad.",broader_parent,aligned,improved_better,high,0.96,3/3,stable,"Improved is exact match for superior parietal gyrus; baseline is broader parietal lobe. | Baseline 'parietal lobe' is a broader parent. Improved 'superior parietal lobule (gyrus)' exactly matches the query 'Superior parietal gyrus'. Clear improvement. | Improved candidate (superior parietal lobule/gyrus) directly matches the query, while baseline (parietal lobe) is too broad."
2,species,Anterior pituitary,llm_accept_top1,HOMBA:10505,pituitary body/gland (hypophysis),0.7081,needs_review,broader_parent,high,HOMBA:AA30782,anterior lobe of pituitary body (adenohypophysis),0.6281,needs_review,broader_parent,aligned,improved_better,high,0.95,Improved directly matches anterior pituitary; baseline is whole pituitary gland.,broader_parent,aligned,improved_better,high,0.98,Baseline 'pituitary body/gland' is a broader parent. Improved 'anterior lobe of pituitary body (adenohypophysis)' exactly matches 'Anterior pituitary'. Clear improvement.,broader_parent,aligned,improved_better,high,0.99,Improved (anterior lobe/adenohypophysis) is the exact match; baseline (pituitary gland) is the whole organ.,broader_parent,aligned,improved_better,high,0.9733,3/3,stable,Improved directly matches anterior pituitary; baseline is whole pituitary gland. | Baseline 'pituitary body/gland' is a broader parent. Improved 'anterior lobe of pituitary body (adenohypophysis)' exactly matches 'Anterior pituitary'. Clear improvement. | Improved (anterior lobe/adenohypophysis) is the exact match; baseline (pituitary gland) is the whole organ.
3,species,Basolateral Intermediate Amygdaloid Nucleus,llm_accept_top1,HOMBA:10366,basolateral nuclear group of amygdala,0.7408,needs_review,broader_parent,high,HOMBA:10368,basolateral nucleus (basal nucleus) of amygdala,0.6608,needs_review,broader_parent,partial_or_narrower,improved_better,low,0.6,Improved is specific basolateral nucleus but lacks 'intermediate'; baseline broader group.,broader_parent,aligned,improved_better,high,0.9,"Baseline is the parent nuclear group; improved is the specific basolateral nucleus, better matching query's 'intermediate' amygdala nucleus.",broader_parent,broader_parent,improved_better,high,0.8,"Query expects a subnucleus; baseline is nuclear group, improved is basolateral nucleus, which is closer but still broader than the intermediate subnucleus.",broader_parent,partial_or_narrower,improved_better,medium,0.7667,3/3,majority_vote+low_certainty,"Improved is specific basolateral nucleus but lacks 'intermediate'; baseline broader group. | Baseline is the parent nuclear group; improved is the specific basolateral nucleus, better matching query's 'intermediate' amygdala nucleus. | Query expects a subnucleus; baseline is nuclear group, improved is basolateral nucleus, which is closer but still broader than the intermediate subnucleus."
4,species,"Frontal orbital cortex, anterior",llm_accept_top1,HOMBA:10161,frontal cortex,0.7983,needs_review,broader_parent,high,HOMBA:10194,orbital frontal cortex,0.7184,needs_review,broader_parent,partial_or_narrower,improved_better,medium,0.8,"Improved orbital frontal cortex is closer than frontal cortex, but missing 'anterior'.",broader_parent,broader_parent,improved_better,high,0.85,"Baseline 'frontal cortex' is too broad; improved 'orbital frontal cortex' is a more specific region, but still lacks 'anterior' granularity.",broader_parent,broader_parent,improved_better,high,0.9,"Improved (orbital frontal cortex) is a more specific parent region than the baseline's frontal cortex, though both miss the 'anterior' qualifier.",broader_parent,broader_parent,improved_better,high,0.85,3/3,stable,"Improved orbital frontal cortex is closer than frontal cortex, but missing 'anterior'. | Baseline 'frontal cortex' is too broad; improved 'orbital frontal cortex' is a more specific region, but still lacks 'anterior' granularity. | Improved (orbital frontal cortex) is a more specific parent region than the baseline's frontal cortex, though both miss the 'anterior' qualifier."
5,species,Cuneate Gracile Nuclei,llm_accept_top1,HOMBA:12587,sensory relay nuclei in medulla oblongata,0.8052,needs_review,broader_parent,high,HOMBA:12592,gracile nucleus,0.7252,needs_review,broader_parent,partial_or_narrower,improved_worse,high,0.9,"Query expects both cuneate and gracile nuclei. Baseline broader_parent includes both; improved only gracile nucleus, missing cuneate.",broader_parent,partial_or_narrower,improved_worse,high,0.95,"Query is Cuneate+Gracile nuclei. Baseline is broader parent class. Improved only covers gracile, missing cuneate, so partial.",broader_parent,partial_or_narrower,improved_worse,high,0.95,"Baseline covers both cuneate and gracile nuclei as a broader class; improved only names gracile nucleus, missing cuneate.",broader_parent,partial_or_narrower,improved_worse,high,0.9333,3/3,stable,"Query expects both cuneate and gracile nuclei. Baseline broader_parent includes both; improved only gracile nucleus, missing cuneate. | Query is Cuneate+Gracile nuclei. Baseline is broader parent class. Improved only covers gracile, missing cuneate, so partial. | Baseline covers both cuneate and gracile nuclei as a broader class; improved only names gracile nucleus, missing cuneate."
6,species,Ventromedial occipital cortex,llm_accept_top1,HOMBA:10270,extrastriate occipital cortex,0.8636,needs_review,broader_parent,high,HOMBA:AA30826,ventromedial extrastriate occipital cortex,0.7836,needs_review,broader_parent,aligned,improved_better,high,0.95,Improved 'ventromedial extrastriate occipital cortex' matches query exactly; baseline is broader extrastriate.,broader_parent,aligned,improved_better,high,0.95,Query ventromedial occipital cortex. Baseline broader extrastriate occipital cortex. Improved exactly matches query.,broader_parent,aligned,improved_better,high,0.95,"Baseline extrastriate is a broader parent; improved adds ventromedial specificity, directly matching the query.",broader_parent,aligned,improved_better,high,0.95,3/3,stable,"Improved 'ventromedial extrastriate occipital cortex' matches query exactly; baseline is broader extrastriate. | Query ventromedial occipital cortex. Baseline broader extrastriate occipital cortex. Improved exactly matches query. | Baseline extrastriate is a broader parent; improved adds ventromedial specificity, directly matching the query."
7,species,Lateral Dorsal Thalamus,llm_accept_top1,HOMBA:10396,lateral dorsal nucleus of thalamus,0.8669,needs_review,aligned,high,HOMBA:10391,dorsal thalamus,0.9033,modifier_conflict,aligned,broader_parent,improved_worse,high,0.95,"Baseline 'lateral dorsal nucleus of thalamus' aligns with query; improved 'dorsal thalamus' is broader, loses lateral specificity.",aligned,broader_parent,improved_worse,high,0.95,Query Lateral Dorsal Thalamus. Baseline specific 'lateral dorsal nucleus' (aligned). Improved 'dorsal thalamus' is broader.,aligned,broader_parent,improved_worse,high,0.95,Baseline exactly names lateral dorsal nucleus; improved dorsal thalamus is a too-broad parent.,aligned,broader_parent,improved_worse,high,0.95,3/3,stable,"Baseline 'lateral dorsal nucleus of thalamus' aligns with query; improved 'dorsal thalamus' is broader, loses lateral specificity. | Query Lateral Dorsal Thalamus. Baseline specific 'lateral dorsal nucleus' (aligned). Improved 'dorsal thalamus' is broader. | Baseline exactly names lateral dorsal nucleus; improved dorsal thalamus is a too-broad parent."
8,species,Lateral Dorsal Tegmentum,llm_accept_top1,HOMBA:AA30457,lateral cell group of medulla tegmentum,0.5697,modifier_conflict,wrong,medium,HOMBA:AA30451,dorsal cell group of medulla tegmentum,0.5593,modifier_conflict,wrong,wrong,both_wrong,high,0.9,"Both candidates are medulla tegmentum cell groups; query 'Lateral Dorsal Tegmentum' likely pons/midbrain, not medulla.",partial_or_narrower,partial_or_narrower,no_material_change,medium,0.7,"Query 'Lateral Dorsal Tegmentum'. Baseline only 'lateral', improved only 'dorsal' cell group. Both partial; neither fully correct.",wrong,wrong,both_wrong,high,0.95,"Query likely means lateral dorsal tegmental nucleus (pontine); both candidates are medullary tegmentum structures, incorrect.",wrong,wrong,both_wrong,medium,0.85,2/3,majority_vote,"Both candidates are medulla tegmentum cell groups; query 'Lateral Dorsal Tegmentum' likely pons/midbrain, not medulla. | Query 'Lateral Dorsal Tegmentum'. Baseline only 'lateral', improved only 'dorsal' cell group. Both partial; neither fully correct. | Query likely means lateral dorsal tegmental nucleus (pontine); both candidates are medullary tegmentum structures, incorrect."
9,species,Ventroposterior Medial and Lateral Thalamus,llm_accept_top1,HOMBA:10420,ventral lateral nucleus of thalamus,0.588,modifier_conflict,wrong,high,HOMBA:10408,lateral posterior nucleus of thalamus,0.6275,modifier_conflict,wrong,wrong,both_wrong,high,0.9,Query targets ventroposterior medial/lateral thalamus; baseline ventral lateral and improved lateral posterior are anatomically incorrect.,wrong,wrong,both_wrong,medium,0.8,Query ventroposterior medial/lateral. Baseline 'ventral lateral' and improved 'lateral posterior' are different structures.,wrong,wrong,both_wrong,high,0.95,"Query refers to ventroposterior complex; baseline is ventral lateral, improved is lateral posterior, both wrong.",wrong,wrong,both_wrong,high,0.8833,3/3,stable,"Query targets ventroposterior medial/lateral thalamus; baseline ventral lateral and improved lateral posterior are anatomically incorrect. | Query ventroposterior medial/lateral. Baseline 'ventral lateral' and improved 'lateral posterior' are different structures. | Query refers to ventroposterior complex; baseline is ventral lateral, improved is lateral posterior, both wrong."
10,species,Ventromedial thalamic nucleus (posterior and basal),llm_accept_top1,HOMBA:10440,posterior nucleus of thalamus,0.7021,modifier_conflict,,,HOMBA:10427,ventral medial nucleus of thalamus,0.88,needs_review,wrong,aligned,improved_better,high,0.95,Baseline 'posterior nucleus of thalamus' is different nucleus; improved 'ventral medial nucleus of thalamus' is direct synonym for ventromedial nucleus.,wrong,aligned,improved_better,high,0.95,Baseline 'posterior nucleus' is incorrect; improved 'ventral medial nucleus' is exact match for ventromedial thalamic nucleus.,wrong,aligned,improved_better,high,0.95,Query is ventromedial thalamic nucleus; baseline posterior nucleus is a different thalamic nucleus; improved ventral medial nucleus is exact match.,wrong,aligned,improved_better,high,0.95,3/3,stable,Baseline 'posterior nucleus of thalamus' is different nucleus; improved 'ventral medial nucleus of thalamus' is direct synonym for ventromedial nucleus. | Baseline 'posterior nucleus' is incorrect; improved 'ventral medial nucleus' is exact match for ventromedial thalamic nucleus. | Query is ventromedial thalamic nucleus; baseline posterior nucleus is a different thalamic nucleus; improved ventral medial nucleus is exact match.
11,species,Lateral Dorsal Amygdaloid Nucleus,llm_accept_top1,HOMBA:10367,lateral nucleus of amygdala,0.7036,modifier_conflict,broader_parent,high,HOMBA:146034710,dorsal division of anterior amygdaloid area,0.5707,modifier_conflict,broader_parent,wrong,improved_worse,medium,0.7,Baseline 'lateral nucleus of amygdala' is broader parent; improved 'dorsal division of anterior amygdaloid area' is wrong structure.,broader_parent,wrong,improved_worse,high,0.9,Baseline 'lateral nucleus' is parent of lateral dorsal; improved 'dorsal division of anterior amygdaloid area' is a different region.,broader_parent,wrong,improved_worse,high,0.9,Query lateral dorsal amygdaloid nucleus; baseline lateral nucleus is anatomically broader parent; improved dorsal division of anterior amygdaloid area is unrelated structure.,broader_parent,wrong,improved_worse,high,0.8333,3/3,stable,Baseline 'lateral nucleus of amygdala' is broader parent; improved 'dorsal division of anterior amygdaloid area' is wrong structure. | Baseline 'lateral nucleus' is parent of lateral dorsal; improved 'dorsal division of anterior amygdaloid area' is a different region. | Query lateral dorsal amygdaloid nucleus; baseline lateral nucleus is anatomically broader parent; improved dorsal division of anterior amygdaloid area is unrelated structure.
12,corpus,Lateral intraparietal area (dorsal),llm_reject_top1,HOMBA:12227,"dorsal raphe nucleus, lateral division",0.6014,needs_review,wrong,high,HOMBA:267498979,lateral subdivision of area 7,0.5793,modifier_conflict,wrong,aligned,improved_better,high,0.95,Baseline 'dorsal raphe nucleus' is wrong (brainstem); improved 'lateral subdivision of area 7' correctly matches lateral intraparietal area.,wrong,broader_parent,improved_better,medium,0.75,Baseline raphe nucleus is wrong; improved 'lateral subdivision of area 7' is broader but correct cortical region for LIP.,wrong,wrong,both_wrong,high,0.9,Query is lateral intraparietal area (dorsal) in parietal cortex; baseline dorsal raphe nucleus (brainstem) is wrong; improved lateral subdivision of area 7 is not LIP.,wrong,aligned,improved_better,medium,0.8667,2/3,majority_vote,Baseline 'dorsal raphe nucleus' is wrong (brainstem); improved 'lateral subdivision of area 7' correctly matches lateral intraparietal area. | Baseline raphe nucleus is wrong; improved 'lateral subdivision of area 7' is broader but correct cortical region for LIP. | Query is lateral intraparietal area (dorsal) in parietal cortex; baseline dorsal raphe nucleus (brainstem) is wrong; improved lateral subdivision of area 7 is not LIP.
13,corpus,Ventral intraparietal area,llm_reject_top1,HOMBA:12261,ventral tegmental area,0.6667,needs_review,wrong,high,HOMBA:12187,anterior (ventral /principal) pretectal nucleus,0.5,low_confidence,wrong,wrong,both_wrong,high,0.9,Both candidates: baseline ventral tegmental area and improved pretectal nucleus are not intraparietal area; both wrong.,wrong,wrong,both_wrong,high,0.95,"Both candidates are non-cortical: VTA (midbrain) and pretectal nucleus, not ventral intraparietal area.",wrong,wrong,both_wrong,high,0.95,"Both candidates are midbrain/subcortical structures, whereas the query is a cortical area in the intraparietal sulcus (parietal lobe).",wrong,wrong,both_wrong,high,0.9333,3/3,stable,"Both candidates: baseline ventral tegmental area and improved pretectal nucleus are not intraparietal area; both wrong. | Both candidates are non-cortical: VTA (midbrain) and pretectal nucleus, not ventral intraparietal area. | Both candidates are midbrain/subcortical structures, whereas the query is a cortical area in the intraparietal sulcus (parietal lobe)."
14,corpus,Central opercular cortex (posterior),llm_reject_top1,HOMBA:AA30009,frontal motor cortex (posterior frontal cortex),0.646,needs_review,wrong,high,HOMBA:AA30485,caudal (posterior) branch of anterior commissure,0.5,low_confidence,wrong,wrong,both_wrong,high,0.9,Both candidates: baseline frontal motor cortex and improved caudal branch of anterior commissure are not opercular cortex; both wrong.,wrong,wrong,both_wrong,high,0.95,Baseline frontal motor cortex and improved anterior commissure branch are both unrelated to central opercular cortex.,wrong,wrong,both_wrong,high,0.95,"Baseline is frontal motor cortex, improved is a commissure; neither corresponds to the parietal operculum (central opercular cortex).",wrong,wrong,both_wrong,high,0.9333,3/3,stable,"Both candidates: baseline frontal motor cortex and improved caudal branch of anterior commissure are not opercular cortex; both wrong. | Baseline frontal motor cortex and improved anterior commissure branch are both unrelated to central opercular cortex. | Baseline is frontal motor cortex, improved is a commissure; neither corresponds to the parietal operculum (central opercular cortex)."
15,corpus,Central opercular cortex (anterior),llm_reject_top1,HOMBA:10318,lateral (rostral) entorhinal cortex,0.6516,needs_review,wrong,high,HOMBA:10278,anterior cingulate  cortex (ventromedial prefrontal cortex),0.5,low_confidence,wrong,wrong,both_wrong,high,0.95,"Baseline is entorhinal cortex (temporal), improved is cingulate cortex (medial frontal). Neither matches opercular cortex (lateral frontal). Both are anatomically off.",wrong,wrong,both_wrong,high,0.95,Both candidates are anatomically distinct from central opercular cortex (anterior). Baseline: entorhinal cortex; improved: anterior cingulate. Neither matches.,wrong,wrong,both_wrong,high,0.95,Query is opercular cortex; both candidates (entorhinal and anterior cingulate) are anatomically unrelated.,wrong,wrong,both_wrong,high,0.95,3/3,stable,"Baseline is entorhinal cortex (temporal), improved is cingulate cortex (medial frontal). Neither matches opercular cortex (lateral frontal). Both are anatomically off. | Both candidates are anatomically distinct from central opercular cortex (anterior). Baseline: entorhinal cortex; improved: anterior cingulate. Neither matches. | Query is opercular cortex; both candidates (entorhinal and anterior cingulate) are anatomically unrelated."
16,corpus,Intracalcarine cortex (superior),llm_reject_top1,HOMBA:10215,superior medial parietal cortex,0.6664,needs_review,wrong,high,HOMBA:10243,caudal division of area 22,0.5,low_confidence,wrong,wrong,both_wrong,high,0.95,"Baseline is parietal cortex, improved is area 22 (temporal). Intracalcarine cortex is occipital. Both are wrong.",wrong,wrong,both_wrong,high,0.95,Intracalcarine cortex (superior) is occipital; baseline (superior medial parietal) and improved (caudal area 22) are in parietal/temporal lobes.,wrong,wrong,both_wrong,high,0.95,Intracalcarine cortex is calcarine; superior medial parietal and caudal area 22 are not the structure.,wrong,wrong,both_wrong,high,0.95,3/3,stable,"Baseline is parietal cortex, improved is area 22 (temporal). Intracalcarine cortex is occipital. Both are wrong. | Intracalcarine cortex (superior) is occipital; baseline (superior medial parietal) and improved (caudal area 22) are in parietal/temporal lobes. | Intracalcarine cortex is calcarine; superior medial parietal and caudal area 22 are not the structure."
17,corpus,Intracalcarine cortex (inferior),llm_reject_top1,HOMBA:10225,inferior lateral parietal cortex,0.6815,needs_review,wrong,high,HOMBA:12879,"caudal (posterior, inferior) medullary velum",0.5,low_confidence,wrong,wrong,both_wrong,high,0.95,"Baseline is parietal cortex, improved is medullary velum (cerebellar). Intracalcarine cortex is occipital. Both are anatomically wrong.",wrong,wrong,both_wrong,high,0.95,Intracalcarine cortex (inferior) is occipital; baseline (inferior lateral parietal) and improved (medullary velum) are unrelated.,wrong,wrong,both_wrong,high,0.95,Inferior lateral parietal and medullary velum are not intracalcarine/inferior calcarine cortex.,wrong,wrong,both_wrong,high,0.95,3/3,stable,"Baseline is parietal cortex, improved is medullary velum (cerebellar). Intracalcarine cortex is occipital. Both are anatomically wrong. | Intracalcarine cortex (inferior) is occipital; baseline (inferior lateral parietal) and improved (medullary velum) are unrelated. | Inferior lateral parietal and medullary velum are not intracalcarine/inferior calcarine cortex."
18,corpus,Anterior ventral insular area,llm_reject_top1,HOMBA:AA30890,anterior (ventral) spinal artery,0.7074,needs_review,wrong,high,HOMBA:12187,anterior (ventral /principal) pretectal nucleus,0.5,low_confidence,wrong,wrong,both_wrong,high,0.95,"Baseline is spinal artery, improved is pretectal nucleus. Query is insular area. Both are completely off-structure.",wrong,wrong,both_wrong,high,0.95,Anterior ventral insular area; baseline (spinal artery) and improved (pretectal nucleus) are not insular. Both wrong.,wrong,wrong,both_wrong,high,0.95,Anterior ventral insula not matched; spinal artery and pretectal nucleus are different structures.,wrong,wrong,both_wrong,high,0.95,3/3,stable,"Baseline is spinal artery, improved is pretectal nucleus. Query is insular area. Both are completely off-structure. | Anterior ventral insular area; baseline (spinal artery) and improved (pretectal nucleus) are not insular. Both wrong. | Anterior ventral insula not matched; spinal artery and pretectal nucleus are different structures."
19,corpus,Medial dorsal thalamic nucleus,llm_reject_top1,HOMBA:10445,central medial nucleus of thalamus,0.7753,modifier_conflict,wrong,high,HOMBA:10398,mediodorsal nucleus of thalamus,1.0,modifier_conflict,wrong,aligned,improved_better,high,0.95,Baseline 'central medial nucleus' is a different thalamic nucleus. Improved 'mediodorsal nucleus' is a direct synonym for medial dorsal thalamic nucleus. Clear improvement.,wrong,aligned,improved_better,high,0.95,Baseline central medial nucleus is a different thalamic nucleus; improved mediodorsal nucleus is the exact match for medial dorsal thalamic nucleus.,wrong,aligned,improved_better,high,0.95,Baseline central medial is distinct thalamic nucleus; improved mediodorsal is exact match to Medial dorsal thalamic nucleus.,wrong,aligned,improved_better,high,0.95,3/3,stable,Baseline 'central medial nucleus' is a different thalamic nucleus. Improved 'mediodorsal nucleus' is a direct synonym for medial dorsal thalamic nucleus. Clear improvement. | Baseline central medial nucleus is a different thalamic nucleus; improved mediodorsal nucleus is the exact match for medial dorsal thalamic nucleus. | Baseline central medial is distinct thalamic nucleus; improved mediodorsal is exact match to Medial dorsal thalamic nucleus.
20,corpus,Precuneal cortex,llm_reject_top1,HOMBA:10172,prefrontal cortex,0.5343,low_confidence,wrong,high,HOMBA:10159,cerebral cortex,0.5,low_confidence,wrong,broader_parent,improved_better,high,0.95,Baseline prefrontal cortex is wrong; improved cerebral cortex is a broader parent including precuneal.,wrong,broader_parent,improved_better,high,0.95,"Baseline prefrontal cortex is wrong (frontal lobe). Improved cerebral cortex is a valid broad parent, moving from wrong to acceptable.",wrong,broader_parent,improved_better,high,0.95,Precuneal cortex is parietal; baseline prefrontal is wrong. Improved 'cerebral cortex' is correct parent structure (broader).,wrong,broader_parent,improved_better,high,0.95,3/3,stable,"Baseline prefrontal cortex is wrong; improved cerebral cortex is a broader parent including precuneal. | Baseline prefrontal cortex is wrong (frontal lobe). Improved cerebral cortex is a valid broad parent, moving from wrong to acceptable. | Precuneal cortex is parietal; baseline prefrontal is wrong. Improved 'cerebral cortex' is correct parent structure (broader)."
21,corpus,Anterior intraparietal area,llm_reject_top1,HOMBA:AA30484,rostral (anterior) branch of anterior commissure,0.5493,low_confidence,,,HOMBA:10362,anterior amygdaloid area,0.5068,low_confidence,wrong,wrong,both_wrong,high,0.95,Both candidates are anatomically incorrect for anterior intraparietal area.,wrong,wrong,both_wrong,high,0.95,"Both candidates are anatomically wrong: baseline is commissure, improved is amygdala, neither matches parietal intraparietal area.",wrong,wrong,both_wrong,high,0.95,"Anterior intraparietal area is parietal cortex; baseline is commissure branch, improved is amygdala area. Both mismatched.",wrong,wrong,both_wrong,high,0.95,3/3,stable,"Both candidates are anatomically incorrect for anterior intraparietal area. | Both candidates are anatomically wrong: baseline is commissure, improved is amygdala, neither matches parietal intraparietal area. | Anterior intraparietal area is parietal cortex; baseline is commissure branch, improved is amygdala area. Both mismatched."
22,corpus,Cuneal cortex,llm_reject_top1,HOMBA:12308,external shell (cortex) of inferior colliculus,0.5664,low_confidence,wrong,high,HOMBA:AA30018,posterior limiting parietal cortex,0.5133,low_confidence,wrong,wrong,both_wrong,high,0.95,Neither candidate matches cuneal cortex; both are off-lobe.,wrong,wrong,both_wrong,high,0.9,"Cuneal cortex is occipital; baseline is midbrain, improved is parietal cortex. Both incorrect.",wrong,wrong,both_wrong,high,0.95,"Cuneal cortex is occipital; baseline is inferior colliculus cortex, improved is parietal cortex. Both wrong structures.",wrong,wrong,both_wrong,high,0.9333,3/3,stable,"Neither candidate matches cuneal cortex; both are off-lobe. | Cuneal cortex is occipital; baseline is midbrain, improved is parietal cortex. Both incorrect. | Cuneal cortex is occipital; baseline is inferior colliculus cortex, improved is parietal cortex. Both wrong structures."
23,species,"Ventral striatal region, unspecified",llm_reject_top1,HOMBA:12187,anterior (ventral /principal) pretectal nucleus,0.6019,needs_review,wrong,high,HOMBA:AA30195,ventral striatum (STRv),0.5681,low_confidence,wrong,aligned,improved_better,high,0.95,Baseline is wrong (pretectal nucleus); improved ventral striatum directly matches query.,wrong,aligned,improved_better,high,0.98,Baseline pretectal nucleus is wrong. Improved ventral striatum directly matches query.,wrong,aligned,improved_better,high,0.95,Ventral striatal region matched by improved 'ventral striatum'; baseline pretectal nucleus is wrong.,wrong,aligned,improved_better,high,0.96,3/3,stable,Baseline is wrong (pretectal nucleus); improved ventral striatum directly matches query. | Baseline pretectal nucleus is wrong. Improved ventral striatum directly matches query. | Ventral striatal region matched by improved 'ventral striatum'; baseline pretectal nucleus is wrong.
24,species,Orbital cortex (ventral),llm_reject_top1,HOMBA:12187,anterior (ventral /principal) pretectal nucleus,0.6295,needs_review,wrong,high,HOMBA:10194,orbital frontal cortex,0.6158,needs_review,wrong,aligned,improved_better,high,0.95,Baseline is wrong; improved orbital frontal cortex is synonymous with orbital cortex.,wrong,aligned,improved_better,high,0.98,Baseline pretectal nucleus is wrong. Improved orbital frontal cortex is correct for orbital cortex ventral.,wrong,aligned,improved_better,high,0.95,"Orbital cortex (ventral) is orbitofrontal; baseline pretectal wrong, improved 'orbital frontal cortex' direct match.",wrong,aligned,improved_better,high,0.96,3/3,stable,"Baseline is wrong; improved orbital frontal cortex is synonymous with orbital cortex. | Baseline pretectal nucleus is wrong. Improved orbital frontal cortex is correct for orbital cortex ventral. | Orbital cortex (ventral) is orbitofrontal; baseline pretectal wrong, improved 'orbital frontal cortex' direct match."
25,species,"Central opercular cortex, posterior",llm_reject_top1,HOMBA:AA30009,frontal motor cortex (posterior frontal cortex),0.646,needs_review,wrong,medium,HOMBA:12841,"lobule III (central lobule and wing, posterior part)",0.5794,low_confidence,wrong,wrong,both_wrong,high,0.95,"Both candidates are anatomically unrelated to posterior opercular cortex; baseline is frontal motor area, improved is cerebellar lobule.",wrong,wrong,both_wrong,high,0.95,"Both candidates incorrect: baseline is frontal motor cortex not opercular; improved is cerebellar lobule, not cortex.",wrong,wrong,both_wrong,high,0.95,"Both candidates are not in the opercular cortex; baseline is frontal motor, improved is cerebellar lobule III.",wrong,wrong,both_wrong,high,0.95,3/3,stable,"Both candidates are anatomically unrelated to posterior opercular cortex; baseline is frontal motor area, improved is cerebellar lobule. | Both candidates incorrect: baseline is frontal motor cortex not opercular; improved is cerebellar lobule, not cortex. | Both candidates are not in the opercular cortex; baseline is frontal motor, improved is cerebellar lobule III."
26,species,"Laterodorsal thalamic nucleus, ventrolateral part",llm_reject_top1,HOMBA:10443,rostral intralaminar nuclei of thalamus,0.6508,needs_review,wrong,high,HOMBA:12519,laterodorsal tegmental nucleus,0.6365,needs_review,wrong,wrong,both_wrong,high,0.95,"Query is thalamic laterodorsal nucleus; baseline is rostral intralaminar, improved is tegmental nucleus; neither matches.",wrong,wrong,both_wrong,high,0.95,"Both wrong: baseline is rostral intralaminar nuclei, not laterodorsal thalamic; improved is tegmental nucleus, not thalamus.",wrong,wrong,both_wrong,high,0.95,LD thalamic nucleus vs intralaminar nuclei and tegmental nucleus; both anatomically wrong.,wrong,wrong,both_wrong,high,0.95,3/3,stable,"Query is thalamic laterodorsal nucleus; baseline is rostral intralaminar, improved is tegmental nucleus; neither matches. | Both wrong: baseline is rostral intralaminar nuclei, not laterodorsal thalamic; improved is tegmental nucleus, not thalamus. | LD thalamic nucleus vs intralaminar nuclei and tegmental nucleus; both anatomically wrong."
27,species,Ventral orbital area,llm_reject_top1,HOMBA:12261,ventral tegmental area,0.6981,needs_review,,,HOMBA:12187,anterior (ventral /principal) pretectal nucleus,0.5,low_confidence,wrong,wrong,both_wrong,high,0.95,"Ventral orbital area is cortical; baseline is VTA, improved is pretectal nucleus; both off-structure.",wrong,wrong,both_wrong,high,0.95,Both wrong: baseline VTA is midbrain; improved pretectal nucleus is also not orbital cortex.,wrong,wrong,both_wrong,high,0.95,Ventral orbital area (cortex) vs ventral tegmental area and pretectal nucleus; both off-structure.,wrong,wrong,both_wrong,high,0.95,3/3,stable,"Ventral orbital area is cortical; baseline is VTA, improved is pretectal nucleus; both off-structure. | Both wrong: baseline VTA is midbrain; improved pretectal nucleus is also not orbital cortex. | Ventral orbital area (cortex) vs ventral tegmental area and pretectal nucleus; both off-structure."
28,species,Ventroposterior inferior thalamic nucleus,llm_reject_top1,HOMBA:10409,pulvinar of thalamus,0.7071,needs_review,wrong,high,HOMBA:10448,caudal intralaminar nuclei of thalamus,0.663,needs_review,wrong,wrong,both_wrong,high,0.95,"Ventroposterior inferior thalamic nucleus; baseline is pulvinar, improved is caudal intralaminar; both different thalamic nuclei.",wrong,wrong,both_wrong,high,0.95,Both wrong: baseline pulvinar and improved caudal intralaminar are different from ventroposterior inferior thalamic nucleus.,wrong,wrong,both_wrong,high,0.95,VPI thalamic nucleus vs pulvinar and caudal intralaminar nuclei; both different thalamic groups.,wrong,wrong,both_wrong,high,0.95,3/3,stable,"Ventroposterior inferior thalamic nucleus; baseline is pulvinar, improved is caudal intralaminar; both different thalamic nuclei. | Both wrong: baseline pulvinar and improved caudal intralaminar are different from ventroposterior inferior thalamic nucleus. | VPI thalamic nucleus vs pulvinar and caudal intralaminar nuclei; both different thalamic groups."
29,species,Centrolateral and paracentral thalamic nuclei,llm_reject_top1,HOMBA:10443,rostral intralaminar nuclei of thalamus,0.7199,needs_review,broader_parent,high,HOMBA:10446,paracentral nucleus of thalamus,0.6399,needs_review,broader_parent,partial_or_narrower,improved_worse,high,0.95,"Baseline (rostral intralaminar) correctly contains both centrolateral and paracentral; improved only includes paracentral, missing centrolateral.",broader_parent,partial_or_narrower,improved_worse,high,0.95,Baseline broader_parent (rostral intralaminar includes both nuclei); improved partial (only paracentral). Moving from broader to partial is worse.,broader_parent,partial_or_narrower,improved_worse,high,0.95,"Baseline rostral intralaminar correctly encompasses both; improved only provides paracentral, missing centrolateral.",broader_parent,partial_or_narrower,improved_worse,high,0.95,3/3,stable,"Baseline (rostral intralaminar) correctly contains both centrolateral and paracentral; improved only includes paracentral, missing centrolateral. | Baseline broader_parent (rostral intralaminar includes both nuclei); improved partial (only paracentral). Moving from broader to partial is worse. | Baseline rostral intralaminar correctly encompasses both; improved only provides paracentral, missing centrolateral."
30,species,Interanteromedial Thalamus,llm_reject_top1,HOMBA:AA30276,ventral midline nuclei of thalamus,0.7068,needs_review,wrong,medium,HOMBA:13048,interanteromedial nucleus of thalamus,0.6268,needs_review,broader_parent,aligned,improved_better,high,1.0,Baseline 'ventral midline nuclei' is a broader group; improved 'interanteromedial nucleus' is exact match to query.,wrong,aligned,improved_better,high,0.95,Baseline ventral midline nuclei is not the correct structure; improved interanteromedial nucleus exactly matches query.,wrong,aligned,improved_better,high,0.98,Improved matches query exactly; baseline is a different structure (ventral midline).,wrong,aligned,improved_better,high,0.9767,3/3,stable,Baseline 'ventral midline nuclei' is a broader group; improved 'interanteromedial nucleus' is exact match to query. | Baseline ventral midline nuclei is not the correct structure; improved interanteromedial nucleus exactly matches query. | Improved matches query exactly; baseline is a different structure (ventral midline).
31,species,Basomedial amygdaloid nucleus,llm_reject_top1,HOMBA:10366,basolateral nuclear group of amygdala,0.7072,needs_review,broader_parent,medium,HOMBA:10369,basomedial nucleus (accessory basal nucleus) of amygdala,0.6272,needs_review,broader_parent,aligned,improved_better,high,1.0,Baseline 'basolateral nuclear group' is broader; improved 'basomedial nucleus' matches query exactly.,broader_parent,aligned,improved_better,high,0.95,Baseline basolateral group is broader parent; improved basomedial nucleus directly matches query.,wrong,aligned,improved_better,high,0.98,"Improved is the basomedial nucleus; baseline is basolateral group, which is wrong.",broader_parent,aligned,improved_better,high,0.9767,3/3,stable,"Baseline 'basolateral nuclear group' is broader; improved 'basomedial nucleus' matches query exactly. | Baseline basolateral group is broader parent; improved basomedial nucleus directly matches query. | Improved is the basomedial nucleus; baseline is basolateral group, which is wrong."
32,species,Intermediodorsal Thalamus,llm_reject_top1,HOMBA:AA30274,dorsal midline nuclei of thalamus,0.7102,needs_review,broader_parent,high,HOMBA:13049,intermediodorsal  nucleus of thalamus,0.6302,needs_review,broader_parent,aligned,improved_better,high,1.0,Baseline 'dorsal midline nuclei' is broader; improved 'intermediodorsal nucleus' is exact match.,broader_parent,aligned,improved_better,high,0.95,Baseline dorsal midline nuclei is broader parent; improved intermediodorsal nucleus exactly matches query.,broader_parent,aligned,improved_better,high,0.98,Improved is the specific nucleus; baseline is a broader parent group.,broader_parent,aligned,improved_better,high,0.9767,3/3,stable,Baseline 'dorsal midline nuclei' is broader; improved 'intermediodorsal nucleus' is exact match. | Baseline dorsal midline nuclei is broader parent; improved intermediodorsal nucleus exactly matches query. | Improved is the specific nucleus; baseline is a broader parent group.
33,species,Ventrolateral thalamic nucleus,llm_reject_top1,HOMBA:10443,rostral intralaminar nuclei of thalamus,0.7446,needs_review,wrong,high,HOMBA:10420,ventral lateral nucleus of thalamus,1.0,high_confidence,wrong,aligned,improved_better,high,1.0,Baseline 'rostral intralaminar nuclei' is wrong; improved 'ventral lateral nucleus' matches query.,wrong,aligned,improved_better,high,0.95,Baseline rostral intralaminar nuclei is wrong; improved ventral lateral nucleus exactly matches query.,wrong,aligned,improved_better,high,0.98,"Improved is ventral lateral nucleus (synonym); baseline is rostral intralaminar, unrelated.",wrong,aligned,improved_better,high,0.9767,3/3,stable,"Baseline 'rostral intralaminar nuclei' is wrong; improved 'ventral lateral nucleus' matches query. | Baseline rostral intralaminar nuclei is wrong; improved ventral lateral nucleus exactly matches query. | Improved is ventral lateral nucleus (synonym); baseline is rostral intralaminar, unrelated."
34,species,Laterodorsal thalamic nucleus,llm_reject_top1,HOMBA:10393,anterodorsal nucleus of thalamus,0.7847,needs_review,wrong,high,HOMBA:10396,lateral dorsal nucleus of thalamus,1.0,high_confidence,wrong,aligned,improved_better,high,1.0,Baseline 'anterodorsal nucleus' is wrong; improved 'lateral dorsal nucleus' matches query.,wrong,aligned,improved_better,high,0.95,Baseline anterodorsal nucleus is wrong; improved lateral dorsal nucleus exactly matches query.,wrong,aligned,improved_better,high,0.98,"Improved is lateral dorsal nucleus (laterodorsal); baseline is anterodorsal, different nucleus.",wrong,aligned,improved_better,high,0.9767,3/3,stable,"Baseline 'anterodorsal nucleus' is wrong; improved 'lateral dorsal nucleus' matches query. | Baseline anterodorsal nucleus is wrong; improved lateral dorsal nucleus exactly matches query. | Improved is lateral dorsal nucleus (laterodorsal); baseline is anterodorsal, different nucleus."
35,species,Spinal Trigeminal Nucleus Intermediate,llm_reject_top1,HOMBA:12436,afferent nuclei of cranial nerves in pons,0.7809,needs_review,wrong,medium,HOMBA:12572,spinal trigeminal nucleus,0.7547,needs_review,wrong,broader_parent,improved_better,high,0.95,"Baseline 'afferent nuclei of cranial nerves in pons' is wrong for spinal trigeminal nucleus intermediate. Improved 'spinal trigeminal nucleus' is the broader parent, much closer.",wrong,broader_parent,improved_better,high,0.9,"Query specifies 'Spinal Trigeminal Nucleus Intermediate'; baseline is a pons nuclei grouping (wrong), improved is the correct parent nucleus.",wrong,broader_parent,improved_better,medium,0.9,Baseline is a different grouping of nuclei; improved is the correct parent nucleus of the queried intermediate part.,wrong,broader_parent,improved_better,high,0.9167,3/3,stable,"Baseline 'afferent nuclei of cranial nerves in pons' is wrong for spinal trigeminal nucleus intermediate. Improved 'spinal trigeminal nucleus' is the broader parent, much closer. | Query specifies 'Spinal Trigeminal Nucleus Intermediate'; baseline is a pons nuclei grouping (wrong), improved is the correct parent nucleus. | Baseline is a different grouping of nuclei; improved is the correct parent nucleus of the queried intermediate part."
36,species,Optic tract/chiasma,llm_reject_top1,HOMBA:10589,optic tract,0.7884,needs_review,partial_or_narrower,high,HOMBA:10644,optic chiasm,0.7436,needs_review,partial_or_narrower,partial_or_narrower,no_material_change,high,0.95,"Query 'optic tract/chiasma' includes both. Baseline 'optic tract' and improved 'optic chiasm' each cover only one part, so both are partial.",partial_or_narrower,partial_or_narrower,no_material_change,medium,0.7,"Query 'Optic tract/chiasma' includes both; baseline covers tract, improved covers chiasm; both are partial, neither fully covers compound query.",partial_or_narrower,partial_or_narrower,no_material_change,high,0.85,"Both candidates match only one component of the compound query (tract vs. chiasm), no clear preference.",partial_or_narrower,partial_or_narrower,no_material_change,high,0.8333,3/3,stable,"Query 'optic tract/chiasma' includes both. Baseline 'optic tract' and improved 'optic chiasm' each cover only one part, so both are partial. | Query 'Optic tract/chiasma' includes both; baseline covers tract, improved covers chiasm; both are partial, neither fully covers compound query. | Both candidates match only one component of the compound query (tract vs. chiasm), no clear preference."
37,species,Cerebellar Lobule 10 Vermis,llm_out_of_scope_for_rcs,HOMBA:AA30563,cerebellar morphology,0.7921,needs_review,wrong,medium,HOMBA:10658,cerebellar vermis,0.7121,needs_review,wrong,broader_parent,improved_better,high,0.95,"Baseline 'cerebellar morphology' is too broad/wrong for cerebellar lobule 10 vermis. Improved 'cerebellar vermis' is the parent, clearly better.",wrong,broader_parent,improved_better,high,0.9,"Query 'Cerebellar Lobule 10 Vermis' specific; baseline 'cerebellar morphology' is too general, improved 'cerebellar vermis' is correct parent.",wrong,broader_parent,improved_better,medium,0.9,"Baseline is generic morphology; improved is the vermis, which is the correct parent structure of lobule 10.",wrong,broader_parent,improved_better,high,0.9167,3/3,stable,"Baseline 'cerebellar morphology' is too broad/wrong for cerebellar lobule 10 vermis. Improved 'cerebellar vermis' is the parent, clearly better. | Query 'Cerebellar Lobule 10 Vermis' specific; baseline 'cerebellar morphology' is too general, improved 'cerebellar vermis' is correct parent. | Baseline is generic morphology; improved is the vermis, which is the correct parent structure of lobule 10."
38,species,Cerebellar Lobule 1 Vermis,llm_out_of_scope_for_rcs,HOMBA:AA30563,cerebellar morphology,0.7986,needs_review,wrong,medium,HOMBA:10658,cerebellar vermis,0.7186,needs_review,wrong,broader_parent,improved_better,high,0.95,"Baseline 'cerebellar morphology' is wrong for cerebellar lobule 1 vermis. Improved 'cerebellar vermis' is parent, much closer.",wrong,broader_parent,improved_better,high,0.9,"Query 'Cerebellar Lobule 1 Vermis' specific; baseline 'cerebellar morphology' is wrong, improved 'cerebellar vermis' is correct parent.",wrong,broader_parent,improved_better,medium,0.9,"Baseline is generic morphology; improved is the vermis, the correct parent of lobule 1.",wrong,broader_parent,improved_better,high,0.9167,3/3,stable,"Baseline 'cerebellar morphology' is wrong for cerebellar lobule 1 vermis. Improved 'cerebellar vermis' is parent, much closer. | Query 'Cerebellar Lobule 1 Vermis' specific; baseline 'cerebellar morphology' is wrong, improved 'cerebellar vermis' is correct parent. | Baseline is generic morphology; improved is the vermis, the correct parent of lobule 1."
39,species,Cerebellar Lobule 2 Vermis,llm_out_of_scope_for_rcs,HOMBA:AA30563,cerebellar morphology,0.7986,needs_review,wrong,medium,HOMBA:10658,cerebellar vermis,0.7186,needs_review,wrong,broader_parent,improved_better,high,0.95,"Baseline 'cerebellar morphology' is wrong for cerebellar lobule 2 vermis. Improved 'cerebellar vermis' is parent, clearly better.",wrong,broader_parent,improved_better,high,0.9,"Query 'Cerebellar Lobule 2 Vermis' specific; baseline 'cerebellar morphology' is wrong, improved 'cerebellar vermis' is correct parent.",wrong,broader_parent,improved_better,medium,0.9,"Baseline is generic morphology; improved is the vermis, the correct parent of lobule 2.",wrong,broader_parent,improved_better,high,0.9167,3/3,stable,"Baseline 'cerebellar morphology' is wrong for cerebellar lobule 2 vermis. Improved 'cerebellar vermis' is parent, clearly better. | Query 'Cerebellar Lobule 2 Vermis' specific; baseline 'cerebellar morphology' is wrong, improved 'cerebellar vermis' is correct parent. | Baseline is generic morphology; improved is the vermis, the correct parent of lobule 2."
40,species,Cerebellar Lobule 3 Vermis,llm_out_of_scope_for_rcs,HOMBA:AA30563,cerebellar morphology,0.7986,needs_review,broader_parent,high,HOMBA:10658,cerebellar vermis,0.7186,needs_review,broader_parent,broader_parent,improved_better,high,0.95,"Baseline 'cerebellar morphology' is a very broad term; improved 'cerebellar vermis' is more specific to the vermis region, directly matching part of query, but still broader than specific lobule vermis.",broader_parent,broader_parent,improved_better,high,0.95,"Baseline 'cerebellar morphology' is very broad; improved 'cerebellar vermis' is the correct parent region for the lobule query, though still broader than the specific lobule.",broader_parent,broader_parent,improved_better,high,0.9,"Improved term 'cerebellar vermis' is a more specific parent than baseline 'cerebellar morphology', but still broader than the queried lobule.",broader_parent,broader_parent,improved_better,high,0.9333,3/3,stable,"Baseline 'cerebellar morphology' is a very broad term; improved 'cerebellar vermis' is more specific to the vermis region, directly matching part of query, but still broader than specific lobule vermis. | Baseline 'cerebellar morphology' is very broad; improved 'cerebellar vermis' is the correct parent region for the lobule query, though still broader than the specific lobule. | Improved term 'cerebellar vermis' is a more specific parent than baseline 'cerebellar morphology', but still broader than the queried lobule."
41,species,Cerebellar Lobule 4 Vermis,llm_out_of_scope_for_rcs,HOMBA:AA30563,cerebellar morphology,0.7986,needs_review,broader_parent,high,HOMBA:10658,cerebellar vermis,0.7186,needs_review,broader_parent,broader_parent,improved_better,high,0.95,"Same pattern as record 40. Improved candidate is more specific to vermis, a closer match to query than broad 'cerebellar morphology'.",broader_parent,broader_parent,improved_better,high,0.95,Same as record 40; improved vermis term is a closer anatomical match than morphology.,broader_parent,broader_parent,improved_better,high,0.9,"Improved term 'cerebellar vermis' is a more specific parent than baseline 'cerebellar morphology', but still broader than the queried lobule.",broader_parent,broader_parent,improved_better,high,0.9333,3/3,stable,"Same pattern as record 40. Improved candidate is more specific to vermis, a closer match to query than broad 'cerebellar morphology'. | Same as record 40; improved vermis term is a closer anatomical match than morphology. | Improved term 'cerebellar vermis' is a more specific parent than baseline 'cerebellar morphology', but still broader than the queried lobule."
42,species,Cerebellar Lobule 5 Vermis,llm_out_of_scope_for_rcs,HOMBA:AA30563,cerebellar morphology,0.7986,needs_review,broader_parent,high,HOMBA:10658,cerebellar vermis,0.7186,needs_review,broader_parent,broader_parent,improved_better,high,0.95,"Same pattern as record 40. Improved candidate is more specific to vermis, a closer match to query than broad 'cerebellar morphology'.",broader_parent,broader_parent,improved_better,high,0.95,Same pattern; improved candidate correctly targets the vermis region.,broader_parent,broader_parent,improved_better,high,0.9,"Improved term 'cerebellar vermis' is a more specific parent than baseline 'cerebellar morphology', but still broader than the queried lobule.",broader_parent,broader_parent,improved_better,high,0.9333,3/3,stable,"Same pattern as record 40. Improved candidate is more specific to vermis, a closer match to query than broad 'cerebellar morphology'. | Same pattern; improved candidate correctly targets the vermis region. | Improved term 'cerebellar vermis' is a more specific parent than baseline 'cerebellar morphology', but still broader than the queried lobule."
43,species,Cerebellar Lobule 6 Vermis,llm_out_of_scope_for_rcs,HOMBA:AA30563,cerebellar morphology,0.7986,needs_review,broader_parent,high,HOMBA:10658,cerebellar vermis,0.7186,needs_review,broader_parent,broader_parent,improved_better,high,0.95,"Same pattern as record 40. Improved candidate is more specific to vermis, a closer match to query than broad 'cerebellar morphology'.",broader_parent,broader_parent,improved_better,high,0.95,Improved term is more specific to the anatomical site compared to the generic morphology term.,broader_parent,broader_parent,improved_better,high,0.9,"Improved term 'cerebellar vermis' is a more specific parent than baseline 'cerebellar morphology', but still broader than the queried lobule.",broader_parent,broader_parent,improved_better,high,0.9333,3/3,stable,"Same pattern as record 40. Improved candidate is more specific to vermis, a closer match to query than broad 'cerebellar morphology'. | Improved term is more specific to the anatomical site compared to the generic morphology term. | Improved term 'cerebellar vermis' is a more specific parent than baseline 'cerebellar morphology', but still broader than the queried lobule."
44,species,Cerebellar Lobule 7 Vermis,llm_out_of_scope_for_rcs,HOMBA:AA30563,cerebellar morphology,0.7986,needs_review,broader_parent,high,HOMBA:10658,cerebellar vermis,0.7186,needs_review,broader_parent,broader_parent,improved_better,high,0.95,"Same pattern as record 40. Improved candidate is more specific to vermis, a closer match to query than broad 'cerebellar morphology'.",broader_parent,broader_parent,improved_better,high,0.95,Improved candidate 'cerebellar vermis' is a meaningful step toward the correct structure.,broader_parent,broader_parent,improved_better,high,0.9,"Improved term 'cerebellar vermis' is a more specific parent than baseline 'cerebellar morphology', but still broader than the queried lobule.",broader_parent,broader_parent,improved_better,high,0.9333,3/3,stable,"Same pattern as record 40. Improved candidate is more specific to vermis, a closer match to query than broad 'cerebellar morphology'. | Improved candidate 'cerebellar vermis' is a meaningful step toward the correct structure. | Improved term 'cerebellar vermis' is a more specific parent than baseline 'cerebellar morphology', but still broader than the queried lobule."
45,species,Cerebellar Lobule 8 Vermis,llm_out_of_scope_for_rcs,HOMBA:AA30563,cerebellar morphology,0.7986,needs_review,broader_parent,medium,HOMBA:10658,cerebellar vermis,0.7186,needs_review,broader_parent,broader_parent,improved_better,high,0.9,Baseline 'cerebellar morphology' is a broad concept; improved 'cerebellar vermis' is closer but still broader than query 'Cerebellar Lobule 8 Vermis'.,wrong,broader_parent,improved_better,high,0.9,Baseline 'cerebellar morphology' is not an anatomical part; improved 'cerebellar vermis' is the correct broader parent of lobule 8 vermis.,broader_parent,broader_parent,improved_better,high,0.95,"Baseline 'cerebellar morphology' is too broad; improved 'cerebellar vermis' is a more specific parent of Lobule 8 Vermis, closer to the query.",broader_parent,broader_parent,improved_better,high,0.9167,3/3,stable,"Baseline 'cerebellar morphology' is a broad concept; improved 'cerebellar vermis' is closer but still broader than query 'Cerebellar Lobule 8 Vermis'. | Baseline 'cerebellar morphology' is not an anatomical part; improved 'cerebellar vermis' is the correct broader parent of lobule 8 vermis. | Baseline 'cerebellar morphology' is too broad; improved 'cerebellar vermis' is a more specific parent of Lobule 8 Vermis, closer to the query."
46,species,Cerebellar Lobule 9 Vermis,llm_out_of_scope_for_rcs,HOMBA:AA30563,cerebellar morphology,0.7986,needs_review,broader_parent,medium,HOMBA:10658,cerebellar vermis,0.7186,needs_review,broader_parent,broader_parent,improved_better,high,0.9,Baseline is broad morphology; improved cerebellar vermis is more specific but still broader than lobule 9 vermis.,wrong,broader_parent,improved_better,high,0.9,Baseline 'cerebellar morphology' is wrong; improved 'cerebellar vermis' is the broader parent of lobule 9 vermis.,broader_parent,broader_parent,improved_better,high,0.95,Similar to record 45: improved vermis is a more precise broader parent than general cerebellar morphology.,broader_parent,broader_parent,improved_better,high,0.9167,3/3,stable,Baseline is broad morphology; improved cerebellar vermis is more specific but still broader than lobule 9 vermis. | Baseline 'cerebellar morphology' is wrong; improved 'cerebellar vermis' is the broader parent of lobule 9 vermis. | Similar to record 45: improved vermis is a more precise broader parent than general cerebellar morphology.
47,species,Medial Raphe,llm_reject_top1,HOMBA:12402,fastigial (medial) nucleus,0.8075,needs_review,wrong,high,HOMBA:12235,median raphe nucleus,0.5491,low_confidence,wrong,aligned,improved_better,high,0.95,Baseline fastigial nucleus is anatomically wrong; improved median raphe nucleus matches query 'Medial Raphe'.,wrong,aligned,improved_better,high,0.9,Baseline 'fastigial (medial) nucleus' is incorrect; improved 'median raphe nucleus' is a direct match for query 'Medial Raphe'.,wrong,aligned,improved_better,high,0.95,"Baseline fastigial nucleus is cerebellar, wrong; improved median raphe nucleus matches Medial Raphe query.",wrong,aligned,improved_better,high,0.9333,3/3,stable,"Baseline fastigial nucleus is anatomically wrong; improved median raphe nucleus matches query 'Medial Raphe'. | Baseline 'fastigial (medial) nucleus' is incorrect; improved 'median raphe nucleus' is a direct match for query 'Medial Raphe'. | Baseline fastigial nucleus is cerebellar, wrong; improved median raphe nucleus matches Medial Raphe query."
48,species,Dorsal Lateral Leminscus Nucleus,llm_reject_top1,HOMBA:10429,lateral geniculate nucleus (dorsal lateral geniculate nucleus),0.811,needs_review,wrong,medium,HOMBA:12455,dorsal nucleus of lateral lemniscus,0.9726,high_confidence,wrong,aligned,improved_better,high,0.95,Baseline lateral geniculate is wrong; improved dorsal nucleus of lateral lemniscus exactly matches query.,wrong,aligned,improved_better,high,0.95,Baseline 'lateral geniculate nucleus' is wrong; improved 'dorsal nucleus of lateral lemniscus' exactly matches the query.,wrong,aligned,improved_better,high,0.95,"Baseline lateral geniculate is visual thalamic, unrelated; improved dorsal nucleus of lateral lemniscus matches the query exactly.",wrong,aligned,improved_better,high,0.95,3/3,stable,"Baseline lateral geniculate is wrong; improved dorsal nucleus of lateral lemniscus exactly matches query. | Baseline 'lateral geniculate nucleus' is wrong; improved 'dorsal nucleus of lateral lemniscus' exactly matches the query. | Baseline lateral geniculate is visual thalamic, unrelated; improved dorsal nucleus of lateral lemniscus matches the query exactly."
49,species,Abducens Motor Nucleus,llm_reject_top1,HOMBA:12417,efferent nuclei of cranial nerves in pons,0.8193,needs_review,broader_parent,high,HOMBA:12418,abducens nucleus,0.7393,needs_review,broader_parent,aligned,improved_better,high,0.95,Baseline broader grouping of cranial nerve nuclei; improved abducens nucleus directly matches query.,broader_parent,aligned,improved_better,high,0.95,Baseline 'efferent nuclei of cranial nerves in pons' is broader; improved 'abducens nucleus' is the exact anatomical structure.,broader_parent,aligned,improved_better,high,0.95,Baseline 'efferent nuclei...' is a broader category; improved 'abducens nucleus' is the exact queried structure.,broader_parent,aligned,improved_better,high,0.95,3/3,stable,Baseline broader grouping of cranial nerve nuclei; improved abducens nucleus directly matches query. | Baseline 'efferent nuclei of cranial nerves in pons' is broader; improved 'abducens nucleus' is the exact anatomical structure. | Baseline 'efferent nuclei...' is a broader category; improved 'abducens nucleus' is the exact queried structure.
50,species,Medial Emminence,llm_out_of_scope_for_rcs,HOMBA:12820,medial eminence,0.8199,needs_review,aligned,high,HOMBA:12402,fastigial (medial) nucleus,0.5,low_confidence,aligned,wrong,improved_worse,high,1.0,Baseline 'medial eminence' directly matches query. Improved 'fastigial (medial) nucleus' is a different cerebellar structure.,aligned,wrong,improved_worse,high,0.95,Baseline 'medial eminence' exactly matches query (typographical variant). Improved 'fastigial nucleus' is cerebellar and anatomically wrong.,aligned,wrong,improved_worse,high,0.95,"Baseline directly matches 'medial eminence'; improved is cerebellar fastigial nucleus, unrelated.",aligned,wrong,improved_worse,high,0.9667,3/3,stable,"Baseline 'medial eminence' directly matches query. Improved 'fastigial (medial) nucleus' is a different cerebellar structure. | Baseline 'medial eminence' exactly matches query (typographical variant). Improved 'fastigial nucleus' is cerebellar and anatomically wrong. | Baseline directly matches 'medial eminence'; improved is cerebellar fastigial nucleus, unrelated."
51,species,Ventromedial thalamic nucleus,llm_reject_top1,HOMBA:10448,caudal intralaminar nuclei of thalamus,0.8387,needs_review,wrong,high,HOMBA:10427,ventral medial nucleus of thalamus,1.0,high_confidence,wrong,aligned,improved_better,high,1.0,Baseline 'caudal intralaminar nuclei' is wrong. Improved 'ventral medial nucleus of thalamus' is a synonym for ventromedial thalamic nucleus.,wrong,aligned,improved_better,high,0.95,Baseline is caudal intralaminar nuclei (wrong). Improved 'ventral medial nucleus of thalamus' is a standard synonym for ventromedial thalamic nucleus.,wrong,aligned,improved_better,high,0.95,Improved 'ventral medial nucleus' is synonymous with query; baseline is intralaminar nuclei.,wrong,aligned,improved_better,high,0.9667,3/3,stable,Baseline 'caudal intralaminar nuclei' is wrong. Improved 'ventral medial nucleus of thalamus' is a synonym for ventromedial thalamic nucleus. | Baseline is caudal intralaminar nuclei (wrong). Improved 'ventral medial nucleus of thalamus' is a standard synonym for ventromedial thalamic nucleus. | Improved 'ventral medial nucleus' is synonymous with query; baseline is intralaminar nuclei.
52,species,Paraventricular hypothalamic nucleus,llm_reject_top1,HOMBA:AA30274,dorsal midline nuclei of thalamus,0.8661,needs_review,wrong,high,HOMBA:10457,paraventricular nucleus of thalamus,0.7861,needs_review,wrong,wrong,both_wrong,high,0.95,"Query specifies hypothalamic nucleus; baseline is thalamic midline, improved is thalamic paraventricular. Both wrong region.",wrong,wrong,both_wrong,high,0.95,"Baseline is dorsal midline thalamus (wrong). Improved is paraventricular nucleus of thalamus, not hypothalamic. Both are incorrect for hypothalamic query.",wrong,wrong,both_wrong,high,0.95,Query is hypothalamic; both candidates are thalamic (wrong region).,wrong,wrong,both_wrong,high,0.95,3/3,stable,"Query specifies hypothalamic nucleus; baseline is thalamic midline, improved is thalamic paraventricular. Both wrong region. | Baseline is dorsal midline thalamus (wrong). Improved is paraventricular nucleus of thalamus, not hypothalamic. Both are incorrect for hypothalamic query. | Query is hypothalamic; both candidates are thalamic (wrong region)."
53,species,Ventroposterior Inferior Thalamus,llm_reject_top1,HOMBA:AA30276,ventral midline nuclei of thalamus,0.4975,low_confidence,wrong,high,HOMBA:AA30289,ventroanterior-ventrolateral nuclear complex of thalamus,0.5108,low_confidence,wrong,wrong,both_wrong,high,1.0,Neither ventral midline nor ventroanterior-ventrolateral complex match ventroposterior inferior thalamus.,wrong,wrong,both_wrong,high,0.95,Neither baseline (ventral midline nuclei) nor improved (ventroanterior-ventrolateral complex) matches ventroposterior inferior thalamus. Both wrong.,wrong,wrong,both_wrong,high,0.95,Query is ventral posterior inferior nucleus; both candidates refer to other thalamic groups.,wrong,wrong,both_wrong,high,0.9667,3/3,stable,Neither ventral midline nor ventroanterior-ventrolateral complex match ventroposterior inferior thalamus. | Neither baseline (ventral midline nuclei) nor improved (ventroanterior-ventrolateral complex) matches ventroposterior inferior thalamus. Both wrong. | Query is ventral posterior inferior nucleus; both candidates refer to other thalamic groups.
54,species,Medial Dorsal Tegmentum,llm_reject_top1,HOMBA:11522,magnocellular (dorsal) division of BM,0.592,low_confidence,wrong,high,HOMBA:AA30451,dorsal cell group of medulla tegmentum,0.5542,modifier_conflict,wrong,wrong,both_wrong,medium,0.8,Baseline magnocellular BM is unrelated. Improved dorsal medulla tegmentum is not medial dorsal midbrain tegmentum. Both wrong.,wrong,wrong,improved_better,medium,0.75,"Baseline is magnocellular division of BM (basal forebrain). Improved is dorsal cell group of medulla tegmentum, still not medial dorsal tegmentum but at least in tegmentum.",wrong,wrong,both_wrong,medium,0.8,"Baseline is forebrain (BM); improved is medullary tegmentum, not typical dorsal tegmental nuclei; neither matches query region.",wrong,wrong,both_wrong,medium,0.7833,2/3,majority_vote,"Baseline magnocellular BM is unrelated. Improved dorsal medulla tegmentum is not medial dorsal midbrain tegmentum. Both wrong. | Baseline is magnocellular division of BM (basal forebrain). Improved is dorsal cell group of medulla tegmentum, still not medial dorsal tegmentum but at least in tegmentum. | Baseline is forebrain (BM); improved is medullary tegmentum, not typical dorsal tegmental nuclei; neither matches query region."
