dataset,query,review_flag,score,top_homba_id,top_name,methods,matched_query,matched_alias,modifier_terms,modifier_match_score,rank2_name,rank2_score,llm_check
corpus,Abducens nucleus,high_confidence,1.0,HOMBA:12418,abducens nucleus,bm25+exact+fuzzy,Abducens nucleus,Abducens nucleus,,1.0,efferent nuclei of the cranial nerves in midbrain,0.260505,correct
corpus,Accessory facial nucleus,high_confidence,1.0,HOMBA:12419,accessory facial nucleus,bm25+exact+fuzzy,Accessory facial nucleus,Accessory facial nucleus,accessory,1.0,accessory nerve nucleus (supraspinal nucleus),0.407986,correct
corpus,Alveus,high_confidence,1.0,HOMBA:10570,alveus,bm25+exact+fuzzy,Alveus,Alveus,,1.0,,,correct
corpus,Amygdala,high_confidence,1.0,HOMBA:10361,amygdaloid complex,bm25+exact+fuzzy,Amygdala,Amygdala,,1.0,regions of amygdaloid complex,0.903017,correct
corpus,Angular gyrus,high_confidence,1.0,HOMBA:12136,angular gyrus,bm25+exact+fuzzy,Angular gyrus,Angular gyrus,,1.0,inferior parietal lobule (gyrus),0.8342,correct
corpus,Ansa lenticularis,high_confidence,1.0,HOMBA:10571,ansa lenticularis,bm25+exact+fuzzy,Ansa lenticularis,Ansa lenticularis,,1.0,ansa peduncularis,0.278056,correct
corpus,Anterior commissure,high_confidence,1.0,HOMBA:10559,anterior commissure,bm25+exact+fuzzy+hierarchy_parent,Anterior commissure,Anterior commissure,,1.0,rostral (anterior) branch of anterior commissure,0.697635,correct
corpus,Anterior thalamic nucleus,high_confidence,1.0,HOMBA:10392,anterior nuclear complex of thalamus,bm25+exact+fuzzy+hierarchy_parent,anterior thalamic nuclei,anterior thalamic nuclei,,1.0,ventral anterior nucleus of thalamus,0.75465,correct
corpus,Arcuate fasciculus,high_confidence,1.0,HOMBA:10569,arcuate fasciculus,bm25+exact+fuzzy,Arcuate fasciculus,Arcuate fasciculus,,1.0,dorsal fasciculus (column) of spinal cord,0.281916,correct
corpus,Area 52,high_confidence,1.0,HOMBA:10267,parainsular cortex (area 52),bm25+exact+fuzzy,Area 52,Area 52,,1.0,,,correct
corpus,Area postrema,high_confidence,1.0,HOMBA:12807,area postrema,bm25+exact+fuzzy,Area postrema,Area postrema,,1.0,,,correct
corpus,Brachium conjunctivum,high_confidence,1.0,HOMBA:12354,superior cerebellar peduncle (brachium conjunctivum),bm25+exact+fuzzy,Brachium conjunctivum,Brachium conjunctivum,,1.0,middle cerebellar peduncle (brachium pontis),0.265707,correct
corpus,CA1,high_confidence,1.0,HOMBA:10297,CA1 region of hippocampus,bm25+exact+fuzzy+hierarchy_parent,CA1,CA1,,1.0,"lamination of hippocampal proper (CA1, CA2, CA3)",1.0,correct
corpus,CA2,high_confidence,1.0,HOMBA:10298,CA2 region of hippocampus,bm25+exact+fuzzy+hierarchy_parent,CA2,CA2,,1.0,"lamination of hippocampal proper (CA1, CA2, CA3)",1.0,correct
corpus,CA3,high_confidence,1.0,HOMBA:10299,CA3 region of hippocampus,bm25+exact+fuzzy+hierarchy_parent,CA3,CA3,,1.0,"lamination of hippocampal proper (CA1, CA2, CA3)",1.0,correct
corpus,Caudate nucleus,high_confidence,1.0,HOMBA:10334,caudate nucleus (mediodorsal division of the CP),bm25+exact+fuzzy+hierarchy_parent,Caudate nucleus,Caudate nucleus,,1.0,body of caudate nucleus,0.843297,correct
corpus,Cerebellar cortex (Purkinje cell layer),high_confidence,1.0,HOMBA:AA30428,Purkinje cell layer of cerebellar cortex,bm25+fuzzy,cerebellar cortex purkinje cell layer of cerebellar cortex,Purkinje cell layer of cerebellar cortex,purkinje;cell;layer;purkinje cell layer,1.0,cerebellar cortex,0.88,correct
corpus,Cerebellar hemisphere,high_confidence,1.0,HOMBA:10659,cerebellar hemisphere,bm25+exact+fuzzy+hierarchy_parent,Cerebellar hemisphere,Cerebellar hemisphere,,1.0,cerebellar morphology,0.97,correct
corpus,Cerebellar vermis,high_confidence,1.0,HOMBA:10658,cerebellar vermis,bm25+exact+fuzzy,Cerebellar vermis,Cerebellar vermis,,1.0,cerebellar morphology,0.97,correct
corpus,Cerebral aqueduct,high_confidence,1.0,HOMBA:12369,cerebral aqueduct,bm25+exact+fuzzy,Cerebral aqueduct,Cerebral aqueduct,,1.0,telencephalon,0.308508,correct
corpus,Cerebral peduncle,high_confidence,1.0,HOMBA:12330,cerebral peduncle (crus cerebri),bm25+exact+fuzzy,Cerebral peduncle,Cerebral peduncle,,1.0,telencephalon,0.308508,correct
corpus,Cingulate gyrus (posterior),high_confidence,1.0,HOMBA:10285,posterior cingulate cortex (PCC),bm25+fuzzy,cingulate cortex,posterior cingulate cortex,posterior,1.0,"cingulate gyrus, caudal (posterior) part",0.923571,correct
corpus,Corticospinal tract,high_confidence,1.0,HOMBA:12047,corticospinal tract,bm25+exact+fuzzy,Corticospinal tract,Corticospinal tract,,1.0,pyramidal tract,0.97,correct
corpus,Cuneate fasciculus,high_confidence,1.0,HOMBA:12731,cuneate fasciculus,bm25+exact+fuzzy,Cuneate fasciculus,Cuneate fasciculus,,1.0,cuneate fasciculus in spinal cord,0.696591,correct
corpus,Cuneate nucleus,high_confidence,1.0,HOMBA:12589,cuneate nucleus,bm25+exact+fuzzy+hierarchy_parent,Cuneate nucleus,Cuneate nucleus,,1.0,sensory relay nuclei in medulla oblongata,0.97,correct
corpus,Cuneate nucleus (external),high_confidence,1.0,HOMBA:12588,external (accessory/lateral) cuneate nucleus,bm25+fuzzy,Cuneate nucleus,external   cuneate nucleus,external,1.0,cuneate nucleus,0.88,correct
corpus,Cuneus,high_confidence,1.0,HOMBA:12150,cuneus (gyrus),bm25+exact+fuzzy,Cuneus,Cuneus,,1.0,,,correct
corpus,Dentate gyrus,high_confidence,1.0,HOMBA:10295,dentate gyrus,bm25+exact+fuzzy+hierarchy_parent,Dentate gyrus,Dentate gyrus,,1.0,major division of dentate gyrus,0.898452,correct
corpus,Dentate nucleus,high_confidence,1.0,HOMBA:12396,dentate (lateral) nucleus,bm25+exact+fuzzy+hierarchy_parent,Dentate nucleus,Dentate nucleus,,1.0,"dentate nucleus, mediodorsal division",0.675458,correct
corpus,Dorsal cochlear nucleus,high_confidence,1.0,HOMBA:12438,dorsal cochlear nucleus,bm25+exact+fuzzy,Dorsal cochlear nucleus,Dorsal cochlear nucleus,dorsal,1.0,dorsal part of pontine nucleus,0.429781,correct
corpus,Dorsal motor nucleus of vagus,high_confidence,1.0,HOMBA:12550,dorsal motor nucleus of the vagus (vagal nerve nucleus),bm25+fuzzy,Dorsal motor nucleus of vagus,dorsal motor nucleus of the vagus,dorsal,1.0,"dorsal motor nucleus of vagus, caudal division",0.990833,correct
corpus,Emboliform nucleus,high_confidence,1.0,HOMBA:12401,lateral interpositus (emboliform) nucleus,bm25+exact+fuzzy,Emboliform nucleus,Emboliform nucleus,,1.0,interpositus (intermediate) nucleus,0.97,correct
corpus,Entorhinal area,high_confidence,1.0,HOMBA:10317,entorhinal cortex,bm25+exact+fuzzy+hierarchy_parent,Entorhinal area,Entorhinal area,,1.0,lateral (rostral) entorhinal cortex,0.7009,correct
corpus,Entorhinal cortex,high_confidence,1.0,HOMBA:10317,entorhinal cortex,bm25+exact+fuzzy+hierarchy_parent,Entorhinal cortex,Entorhinal cortex,,1.0,lamination of entorhinal cortex,0.765457,correct
corpus,External lateral parabrachial nucleus,high_confidence,1.0,HOMBA:12485,"lateral parabrachial nucleus, external division",bm25+fuzzy,External lateral parabrachial nucleus,external part lateral parabrachial nucleus,external;lateral,1.0,"medial parabrachial nucleus, external division",0.817259,correct
corpus,Facial nucleus,high_confidence,1.0,HOMBA:12420,facial nucleus,bm25+exact+fuzzy+hierarchy_parent,Facial nucleus,Facial nucleus,,1.0,"facial nucleus, stylohyoid subnucleus",0.770833,correct
corpus,Fastigial nucleus,high_confidence,1.0,HOMBA:12402,fastigial (medial) nucleus,bm25+exact+fuzzy+hierarchy_parent,Fastigial nucleus,Fastigial nucleus,,1.0,"fastigial nucleus, medial division",0.734583,correct
corpus,Fimbria,high_confidence,1.0,HOMBA:10575,fimbria,bm25+exact+fuzzy,Fimbria,Fimbria,,1.0,hippocampus,0.206054,correct
corpus,Flocculus,high_confidence,1.0,HOMBA:AA30424,lobule Xa (flocculus),bm25+exact+fuzzy,Flocculus,Flocculus,,1.0,lobule X (nodulus and flocculus),0.642818,correct
corpus,Fornix,high_confidence,1.0,HOMBA:10576,fornix,bm25+exact+fuzzy+hierarchy_parent,Fornix,Fornix,,1.0,body of the fornix,0.589807,correct
corpus,Fourth ventricle,high_confidence,1.0,HOMBA:12805,fourth ventricle,bm25+exact+fuzzy+hierarchy_parent,Fourth ventricle,Fourth ventricle,,1.0,region of fourth ventricle,0.899038,correct
corpus,Fusiform gyrus,high_confidence,1.0,HOMBA:AA30549,fusiform (occipitotemporal) gyrus,bm25+exact+fuzzy,Fusiform gyrus,Fusiform gyrus,,1.0,uncus of (para)hippocampal gyrus,0.310977,correct
corpus,Globose nucleus,high_confidence,1.0,HOMBA:12400,medial interpositus (globose) nucleus,bm25+exact+fuzzy,Globose nucleus,Globose nucleus,,1.0,interpositus (intermediate) nucleus,0.97,correct
corpus,Gracile fasciculus,high_confidence,1.0,HOMBA:12739,gracile fasciculus,bm25+exact+fuzzy,Gracile fasciculus,Gracile fasciculus,,1.0,gracile fasciculus in spinal cord,0.696591,correct
corpus,Gracile nucleus,high_confidence,1.0,HOMBA:12592,gracile nucleus,bm25+exact+fuzzy+hierarchy_parent,Gracile nucleus,Gracile nucleus,,1.0,"gracile nucleus, central division",0.755952,correct
corpus,Gyrus rectus,high_confidence,1.0,HOMBA:12121,rectus gyrus,bm25+exact+fuzzy,Gyrus rectus,Gyrus rectus,,1.0,uncus of (para)hippocampal gyrus,0.310977,correct
corpus,Heschl gyrus,high_confidence,1.0,HOMBA:12144,transverse temporal gyrus (Heschl's gyrus),bm25+exact+fuzzy,Heschl gyrus,Heschl gyrus,,1.0,transverse temporal sulcus,0.510606,correct
corpus,Heschl's gyrus,high_confidence,1.0,HOMBA:12144,transverse temporal gyrus (Heschl's gyrus),bm25+exact+fuzzy,Heschl's gyrus,Heschl's gyrus,,1.0,transverse temporal sulcus,0.510606,correct
corpus,Hippocampal formation,high_confidence,1.0,HOMBA:12170,hippocampal formation,bm25+exact+fuzzy,Hippocampal formation,Hippocampal formation,,1.0,hippocampal commissure,0.277958,correct
corpus,Hippocampus,high_confidence,1.0,HOMBA:AA30093,hippocampus,bm25+exact+fuzzy,Hippocampus,Hippocampus,,1.0,hippocampal proper (Cornu Ammonis),0.770833,correct
corpus,Hypoglossal nucleus,high_confidence,1.0,HOMBA:12545,hypoglossal nucleus,bm25+exact+fuzzy+hierarchy_parent,Hypoglossal nucleus,Hypoglossal nucleus,,1.0,other nuclei in dorsal medulla,0.909167,correct
corpus,Inferior cerebellar peduncle,high_confidence,1.0,HOMBA:12741,inferior cerebellar peduncle,bm25+exact+fuzzy,Inferior cerebellar peduncle,Inferior cerebellar peduncle,,1.0,middle cerebellar peduncle (brachium pontis),0.67705,correct
corpus,Inferior colliculus,high_confidence,1.0,HOMBA:12305,inferior colliculus,bm25+exact+fuzzy+hierarchy_parent,Inferior colliculus,Inferior colliculus,,1.0,brachium of inferior colliculus,0.813844,correct
corpus,Inferior frontal gyrus (opercular part),high_confidence,1.0,HOMBA:12119,"inferior frontal gyrus, opercular part",bm25+exact+fuzzy,Inferior frontal gyrus (opercular part),Inferior frontal gyrus (opercular part),opercular,1.0,inferior frontal gyrus,0.88,correct
corpus,Inferior frontal gyrus (triangular part),high_confidence,1.0,HOMBA:12118,"inferior frontal gyrus, triangular part",bm25+exact+fuzzy,Inferior frontal gyrus (triangular part),Inferior frontal gyrus (triangular part),triangular,1.0,inferior frontal gyrus,0.88,correct
corpus,Inferior longitudinal fasciculus,high_confidence,1.0,HOMBA:10580,inferior longitudinal fasciculus,bm25+exact+fuzzy,Inferior longitudinal fasciculus,Inferior longitudinal fasciculus,,1.0,longitudinal fasciculus,0.856667,correct
corpus,Inferior occipital gyrus,high_confidence,1.0,HOMBA:12153,inferior occipital gyrus,bm25+exact+fuzzy,Inferior occipital gyrus,Inferior occipital gyrus,,1.0,occipital lobe,0.97,correct
corpus,Inferior olive,high_confidence,1.0,HOMBA:12600,inferior olive,bm25+exact+fuzzy+hierarchy_parent,Inferior olive,Inferior olive,,1.0,hilus of the inferior olive,0.722962,correct
corpus,Inferior parietal lobule,high_confidence,1.0,HOMBA:12134,inferior parietal lobule (gyrus),bm25+exact+fuzzy,Inferior parietal lobule,Inferior parietal lobule,,1.0,parietal lobe,0.97,correct
corpus,Inferior pulvinar,high_confidence,1.0,HOMBA:10413,inferior division of pulvinar,bm25+exact+fuzzy,Inferior pulvinar,Inferior pulvinar,,1.0,pulvinar of thalamus,0.8342,correct
corpus,Inferior salivatory nucleus,high_confidence,1.0,HOMBA:12544,inferior salivatory nucleus,bm25+exact+fuzzy,Inferior salivatory nucleus,Inferior salivatory nucleus,,1.0,inferior colliculus,0.327761,correct
corpus,Inferior temporal gyrus,high_confidence,1.0,HOMBA:12142,inferior temporal gyrus,bm25+exact+fuzzy,Inferior temporal gyrus,Inferior temporal gyrus,,1.0,temporal lobe,0.97,correct
corpus,Insula,high_confidence,1.0,HOMBA:12176,insular lobe,bm25+exact+fuzzy+hierarchy_parent,Insula,Insula,,1.0,limen insula,0.8125,correct
corpus,Intermediate reticular zone,high_confidence,1.0,HOMBA:12620,intermediate reticular nucleus,bm25+exact+fuzzy,Intermediate reticular zone,Intermediate reticular zone,reticular,1.0,reticular nucleus of thalamus,0.349263,correct
corpus,Internal capsule,high_confidence,1.0,HOMBA:10581,internal capsule,bm25+exact+fuzzy+hierarchy_parent,Internal capsule,Internal capsule,,1.0,genu of internal capsule,0.854167,correct
corpus,Lateral geniculate nucleus,high_confidence,1.0,HOMBA:10429,lateral geniculate nucleus (dorsal lateral geniculate nucleus),bm25+exact+fuzzy,Lateral geniculate nucleus,Lateral geniculate nucleus,lateral,1.0,pregeniculate nucleus (ventral lateral geniculate nucleus),0.9975,correct
corpus,Lateral parabrachial nucleus,high_confidence,1.0,HOMBA:12482,lateral parabrachial nucleus,bm25+exact+fuzzy,Lateral parabrachial nucleus,Lateral parabrachial nucleus,lateral,1.0,"lateral parabrachial nucleus, central division",0.9975,correct
corpus,Lateral posterior thalamic nucleus,high_confidence,1.0,HOMBA:10408,lateral posterior nucleus of thalamus,bm25+exact+fuzzy,Lateral posterior thalamic nucleus,Lateral posterior thalamic nucleus,lateral;posterior,1.0,posterior nucleus of thalamus,0.9375,correct
corpus,Lateral pulvinar,high_confidence,1.0,HOMBA:10412,lateral division of pulvinar,bm25+fuzzy,lateral pulvinar of thalamus,lateral division of pulvinar of thalamus,lateral,1.0,pulvinar of thalamus,0.7172,correct
corpus,Lenticular nucleus (putamen),high_confidence,1.0,HOMBA:10338,putamen (lateroventral division of the CP),bm25+exact+fuzzy,Lenticular nucleus,Lenticular nucleus,putamen,1.0,caudal putamen,0.935,correct
corpus,Limen insulae,high_confidence,1.0,HOMBA:12179,limen insula,bm25+exact+fuzzy,Limen insulae,Limen insulae,,1.0,insular lobe,0.219158,correct
corpus,Lingual gyrus,high_confidence,1.0,HOMBA:12151,lingual gyrus,bm25+exact+fuzzy,Lingual gyrus,Lingual gyrus,,1.0,uncus of (para)hippocampal gyrus,0.310977,correct
corpus,Locus coeruleus,high_confidence,1.0,HOMBA:12499,nucleus coeruleus (locus coeruleus),bm25+exact+fuzzy,Locus coeruleus,Locus coeruleus,,1.0,,,correct
corpus,Mammillary body,high_confidence,1.0,HOMBA:15546,mammillary body,bm25+exact+fuzzy,Mammillary body,Mammillary body,,1.0,body of corpus callosum,0.27635,correct
corpus,Mammillothalamic tract,high_confidence,1.0,HOMBA:10586,mammillothalamic tract,bm25+exact+fuzzy,Mammillothalamic tract,Mammillothalamic tract,,1.0,pyramidal tract,0.302708,correct
corpus,Medial geniculate nucleus,high_confidence,1.0,HOMBA:10434,medial geniculate nucleus,bm25+exact+fuzzy,Medial geniculate nucleus,Medial geniculate nucleus,medial,1.0,dorsal (rostral) division of medial geniculate nucleus,0.9975,correct
corpus,Medial lemniscus,high_confidence,1.0,HOMBA:12763,medial lemniscus,bm25+exact+fuzzy,Medial lemniscus,Medial lemniscus,medial,1.0,decussation of medial lemniscus,0.861263,correct
corpus,Medial longitudinal fasciculus,high_confidence,1.0,HOMBA:12764,medial longitudinal fasciculus,bm25+exact+fuzzy,Medial longitudinal fasciculus,Medial longitudinal fasciculus,medial,1.0,medial longitudinal fasciculus in spinal cord,0.9325,correct
corpus,Medial parabrachial nucleus,high_confidence,1.0,HOMBA:12487,medial parabrachial nucleus,bm25+exact+fuzzy,Medial parabrachial nucleus,Medial parabrachial nucleus,medial,1.0,"medial parabrachial nucleus, medial division",1.0,correct
corpus,Medial pulvinar,high_confidence,1.0,HOMBA:10411,medial division of pulvinar,bm25+fuzzy,medial pulvinar of thalamus,medial division of pulvinar of thalamus,medial,1.0,pulvinar of thalamus,0.7172,correct
corpus,Medial superior temporal area,high_confidence,1.0,HOMBA:AA30021,medial superior temporal area,bm25+exact+fuzzy,Medial superior temporal area,Medial superior temporal area,medial,1.0,superior (dorsal) temporal sulcus,0.559775,correct
corpus,Median raphe,high_confidence,1.0,HOMBA:12235,median raphe nucleus,bm25+exact+fuzzy,Median raphe,Median raphe,,1.0,pontine raphe region,0.8342,correct
corpus,Mediodorsal thalamic nucleus,high_confidence,1.0,HOMBA:10398,mediodorsal nucleus of thalamus,bm25+exact+fuzzy,Mediodorsal thalamic nucleus,Mediodorsal thalamic nucleus,,1.0,ventral midline nuclei of thalamus,0.369828,correct
corpus,Middle cerebellar peduncle,high_confidence,1.0,HOMBA:12768,middle cerebellar peduncle (brachium pontis),bm25+exact+fuzzy,Middle cerebellar peduncle,Middle cerebellar peduncle,,1.0,cerebellar morphology,0.323616,correct
corpus,Middle frontal gyrus,high_confidence,1.0,HOMBA:12116,middle frontal gyrus,bm25+exact+fuzzy,Middle frontal gyrus,Middle frontal gyrus,,1.0,frontal lobe,0.97,correct
corpus,Middle temporal area,high_confidence,1.0,HOMBA:267499039,"fifth visual area (middle temporal area, MT)",bm25+exact+fuzzy,Middle temporal area,Middle temporal area,,1.0,dorsolateral temporal cortex,0.8342,correct
corpus,Middle temporal gyrus,high_confidence,1.0,HOMBA:12141,middle temporal gyrus,bm25+exact+fuzzy,Middle temporal gyrus,Middle temporal gyrus,,1.0,temporal lobe,0.97,correct
corpus,Motor trigeminal nucleus,high_confidence,1.0,HOMBA:12429,"motor nucleus of trigeminal nerve (motor trigeminal nucleus, Mo5)",bm25+exact+fuzzy+hierarchy_parent,Motor trigeminal nucleus,Motor trigeminal nucleus,,1.0,afferent nuclei of cranial nerves in pons,0.816733,correct
corpus,Nucleus accumbens,high_confidence,1.0,HOMBA:10339,nucleus accumbens,bm25+exact+fuzzy+hierarchy_parent,Nucleus accumbens,Nucleus accumbens,,1.0,core of nucleus accumbens,0.736733,correct
corpus,Nucleus ambiguus,high_confidence,1.0,HOMBA:12540,ambiguus nucleus,bm25+exact+fuzzy+hierarchy_parent,Nucleus ambiguus,Nucleus ambiguus,,1.0,"ambiguus nucleus, loose division",0.798611,correct
corpus,Nucleus of the solitary tract,high_confidence,1.0,HOMBA:12557,solitary nucleus,bm25+exact+fuzzy+hierarchy_parent,Nucleus of the solitary tract,Nucleus of the solitary tract,,1.0,"solitary nucleus, gelatinous division",0.858333,correct
corpus,Obex,high_confidence,1.0,HOMBA:12812,obex,bm25+exact+fuzzy,Obex,Obex,,1.0,,,correct
corpus,Occipital pole,high_confidence,1.0,HOMBA:12149,occipital pole,bm25+exact+fuzzy,Occipital pole,Occipital pole,,1.0,occipital lobe,0.97,correct
corpus,Oculomotor nucleus,high_confidence,1.0,HOMBA:12198,oculomotor nucleus,bm25+exact+fuzzy+hierarchy_parent,Oculomotor nucleus,Oculomotor nucleus,,1.0,efferent nuclei of the cranial nerves in midbrain,0.97,correct
corpus,Optic chiasm,high_confidence,1.0,HOMBA:10644,optic chiasm,bm25+exact+fuzzy,Optic chiasm,Optic chiasm,,1.0,optic nerve,0.250475,correct
corpus,Optic tract,high_confidence,1.0,HOMBA:10589,optic tract,bm25+exact+fuzzy,Optic tract,Optic tract,,1.0,nucleus of the optic tract  (lentiform nucleus),0.590086,correct
corpus,Paracingulate gyrus,high_confidence,1.0,HOMBA:146034872,paracingulate gyrus,bm25+exact+fuzzy,Paracingulate gyrus,Paracingulate gyrus,,1.0,uncus of (para)hippocampal gyrus,0.310977,correct
corpus,Parahippocampal gyrus,high_confidence,1.0,HOMBA:12162,parahippocampal gyrus,bm25+exact+fuzzy+hierarchy_parent,Parahippocampal gyrus,Parahippocampal gyrus,,1.0,anterior parahippocampal gyrus,0.736733,correct
corpus,Parahippocampal gyrus (anterior),high_confidence,1.0,HOMBA:12163,anterior parahippocampal gyrus,bm25+fuzzy,Parahippocampal gyrus,anterior parahippocampal gyrus,anterior,1.0,parahippocampal gyrus,0.88,correct
corpus,Parahippocampal gyrus (posterior),high_confidence,1.0,HOMBA:12164,posterior parahippocampal gyrus,bm25+fuzzy,Parahippocampal gyrus,posterior parahippocampal gyrus,posterior,1.0,posterior parahippocampal region (postrhinal cortex),1.0,correct
corpus,Periamygdaloid cortex,high_confidence,1.0,HOMBA:AA30225,periamygdaloid cortex,bm25+exact+fuzzy+hierarchy_parent,Periamygdaloid cortex,Periamygdaloid cortex,,1.0,sulcal periamygdaloid cortex,0.856667,correct
corpus,Pineal gland,high_confidence,1.0,HOMBA:10460,pineal body,bm25+exact+fuzzy,Pineal gland,Pineal gland,,1.0,pituitary body/gland (hypophysis),0.278379,correct
corpus,Planum polare,high_confidence,1.0,HOMBA:12147,planum polare,bm25+exact+fuzzy,Planum polare,Planum polare,,1.0,planum temporale,0.278056,correct
corpus,Planum temporale,high_confidence,1.0,HOMBA:12145,planum temporale,bm25+exact+fuzzy,Planum temporale,Planum temporale,,1.0,planum polare,0.278056,correct
corpus,Pontobulbar nucleus,high_confidence,1.0,HOMBA:12614,pontobulbar nucleus,bm25+exact+fuzzy,Pontobulbar nucleus,Pontobulbar nucleus,,1.0,"pontobulbar nucleus, inferior division",0.675947,correct
corpus,Postcentral gyrus,high_confidence,1.0,HOMBA:12132,postcentral gyrus,bm25+exact+fuzzy,Postcentral gyrus,Postcentral gyrus,,1.0,cuneus (gyrus),0.279101,correct
corpus,Posterior cingulate gyrus,high_confidence,1.0,HOMBA:10285,posterior cingulate cortex (PCC),bm25+exact+fuzzy,Posterior cingulate gyrus,Posterior cingulate gyrus,posterior,1.0,"cingulate gyrus, caudal (posterior) part",0.889801,correct
corpus,Posterior commissure,high_confidence,1.0,HOMBA:10567,posterior commissure,bm25+exact+fuzzy,Posterior commissure,Posterior commissure,posterior,1.0,interstitial nucleus of posterior commissure (nucleus of posterior commissure),0.974167,correct
corpus,Posterior thalamic nucleus,high_confidence,1.0,HOMBA:10440,posterior nucleus of thalamus,bm25+exact+fuzzy,Posterior thalamic nucleus,Posterior thalamic nucleus,posterior,1.0,lateral posterior nucleus of thalamus,0.9975,correct
corpus,Precentral gyrus,high_confidence,1.0,HOMBA:12114,precentral gyrus,bm25+exact+fuzzy,Precentral gyrus,Precentral gyrus,,1.0,uncus of (para)hippocampal gyrus,0.310977,correct
corpus,Precuneus,high_confidence,1.0,HOMBA:12137,precuneaus (gyrus),bm25+exact+fuzzy,Precuneus,Precuneus,,1.0,,,correct
corpus,Prepositus nucleus,high_confidence,1.0,HOMBA:12615,prepositus hypoglossal nucleus,bm25+exact+fuzzy,Prepositus nucleus,Prepositus nucleus,,1.0,other nuclei in dorsal medulla,0.97,correct
corpus,Presubiculum,high_confidence,1.0,HOMBA:10315,presubiculum (presubicular cortex),bm25+exact+fuzzy+hierarchy_parent,Presubiculum,Presubiculum,,1.0,caudal (dorsal) presubiculum (postsubiculum),0.676118,correct
corpus,Primary auditory cortex,high_confidence,1.0,HOMBA:10236,"primary auditory cortex (first auditory cortex, auditory core region)",bm25+exact+fuzzy+hierarchy_parent,Primary auditory cortex,Primary auditory cortex,,1.0,dorsolateral temporal cortex,0.97,correct
corpus,Primary motor cortex,high_confidence,1.0,HOMBA:10163,"primary motor cortex (first motor cortex, area 4, area FA)",bm25+exact+fuzzy,Primary motor cortex,Primary motor cortex,,1.0,frontal motor cortex (posterior frontal cortex),0.8342,correct
corpus,Primary visual cortex,high_confidence,1.0,HOMBA:10269,"primary visual cortex (first visual cortex, striate cortex, area 17, area OC)",bm25+exact+fuzzy+hierarchy_parent,Primary visual cortex,Primary visual cortex,,1.0,dorsolateral extrastriate occipital cortex,0.9575,correct
corpus,Principal sensory trigeminal nucleus,high_confidence,1.0,HOMBA:12444,principal sensory nucleus of trigeminal nerve,bm25+fuzzy,principal sensory principal sensory nucleus of trigeminal nerve,principal sensory nucleus of trigeminal nerve,principal,1.0,spinal trigeminal nucleus,0.960882,correct
corpus,Pulvinar,high_confidence,1.0,HOMBA:10409,pulvinar of thalamus,bm25+exact+fuzzy+hierarchy_parent,Pulvinar,Pulvinar,,1.0,lateroposterior-pulvinar complex,0.622344,correct
corpus,Pulvinar nucleus,high_confidence,1.0,HOMBA:10409,pulvinar of thalamus,bm25+exact+fuzzy+hierarchy_parent,Pulvinar nucleus,Pulvinar nucleus,,1.0,dorsal group of LNC,0.685677,correct
corpus,Putamen,high_confidence,1.0,HOMBA:10338,putamen (lateroventral division of the CP),bm25+exact+fuzzy+hierarchy_parent,Putamen,Putamen,,1.0,caudal putamen,0.7009,correct
corpus,Pyramidal decussation,high_confidence,1.0,HOMBA:12772,pyramidal decussation,bm25+exact+fuzzy,Pyramidal decussation,Pyramidal decussation,decussation,1.0,supraoptic decussation,0.387737,correct
corpus,Raphe magnus,high_confidence,1.0,HOMBA:12642,raphe magnus nucleus,bm25+exact+fuzzy,Raphe magnus,Raphe magnus,,1.0,raphe nuclei in medulla oblongata,0.8342,correct
corpus,Raphe obscurus,high_confidence,1.0,HOMBA:12643,raphe obscurus nucleus,bm25+exact+fuzzy,Raphe obscurus,Raphe obscurus,,1.0,raphe nuclei in medulla oblongata,0.8342,correct
corpus,Red nucleus,high_confidence,1.0,HOMBA:12247,red nucleus,bm25+exact+fuzzy+hierarchy_parent,Red nucleus,Red nucleus,,1.0,"red nucleus, dorsomedial division",0.653352,correct
corpus,Retroinsular cortex,high_confidence,1.0,HOMBA:13323,retroinsular cortex,bm25+exact+fuzzy,Retroinsular cortex,Retroinsular cortex,,1.0,dorsolateral temporal cortex,0.278749,correct
corpus,Retrosplenial cortex,high_confidence,1.0,HOMBA:10324,retrosplenial cortex,bm25+exact+fuzzy+hierarchy_parent,Retrosplenial cortex,Retrosplenial cortex,,1.0,"agranular retrosplenial cortex (area 30, RSag)",0.854167,correct
corpus,Roots of the abducens nerve,high_confidence,1.0,HOMBA:12861,root of abducens nerve,bm25+exact+fuzzy,Roots of the abducens nerve,Roots of the abducens nerve,,1.0,root of facial nerve,0.395335,correct
corpus,Roots of the facial nerve,high_confidence,1.0,HOMBA:12862,root of facial nerve,bm25+exact+fuzzy+hierarchy_parent,Roots of the facial nerve,Roots of the facial nerve,,1.0,motor root of facial nerve,0.8775,correct
corpus,Roots of the trigeminal nerve,high_confidence,1.0,HOMBA:12865,root of trigeminal nerve,bm25+exact+fuzzy+hierarchy_parent,Roots of the trigeminal nerve,Roots of the trigeminal nerve,,1.0,motor root of trigeminal nerve,0.8775,correct
corpus,Septal area,high_confidence,1.0,HOMBA:10350,septal region (septal nuclear complex),bm25+exact+fuzzy+hierarchy_parent,Septal area,Septal area,,1.0,rostral septal nuclear complex,0.768,correct
corpus,Solitary tract,high_confidence,1.0,HOMBA:12783,solitary tract,bm25+exact+fuzzy,Solitary tract,Solitary tract,,1.0,solitary nucleus,0.715038,correct
corpus,Spinal trigeminal nucleus,high_confidence,1.0,HOMBA:12572,spinal trigeminal nucleus,bm25+exact+fuzzy+hierarchy_parent,Spinal trigeminal nucleus,Spinal trigeminal nucleus,,1.0,afferent nuclei of cranial nerves in pons,0.817465,correct
corpus,Spinal trigeminal nucleus (caudalis),high_confidence,1.0,HOMBA:12573,"spinal trigeminal nucleus, caudal division",bm25+fuzzy,Spinal trigeminal nucleus (caudalis),spinal trigeminal nucleus caudalis part,caudalis,1.0,spinal trigeminal nucleus,0.88,correct
corpus,Spinal trigeminal nucleus (interpolaris),high_confidence,1.0,HOMBA:12578,"spinal trigeminal nucleus, interpolar division",bm25+fuzzy,Spinal trigeminal nucleus (interpolaris),spinal trigeminal nucleus interpolaris part,interpolaris,1.0,spinal trigeminal nucleus,0.88,correct
corpus,Spinal trigeminal tract,high_confidence,1.0,HOMBA:12792,spinal trigeminal tract,bm25+exact+fuzzy,Spinal trigeminal tract,Spinal trigeminal tract,,1.0,mesencephalic trigeminal tract,0.634568,correct
corpus,Spinothalamic tract,high_confidence,1.0,HOMBA:12789,spinothalamic tract,bm25+exact+fuzzy,Spinothalamic tract,Spinothalamic tract,,1.0,dorsolateral spinothalamic tract in spinal cord,0.590598,correct
corpus,Subiculum,high_confidence,1.0,HOMBA:10302,subiculum proper (strictly defined subiculum),bm25+exact+fuzzy+hierarchy_parent,Subiculum,Subiculum,,1.0,major division of subiculum,0.789559,correct
corpus,Substantia nigra,high_confidence,1.0,HOMBA:12251,substantia nigra,bm25+exact+fuzzy+hierarchy_parent,Substantia nigra,Substantia nigra,,1.0,"substantia nigra, compact division",0.660445,correct
corpus,Subthalamic nucleus,high_confidence,1.0,HOMBA:10466,subthalamic nucleus,bm25+exact+fuzzy,Subthalamic nucleus,Subthalamic nucleus,,1.0,subthalamic fasciculus,0.273382,correct
corpus,Superior cerebellar peduncle,high_confidence,1.0,HOMBA:12354,superior cerebellar peduncle (brachium conjunctivum),bm25+exact+fuzzy,Superior cerebellar peduncle,Superior cerebellar peduncle,,1.0,decussation of superior cerebellar peduncle,0.7425,correct
corpus,Superior cerebellar peduncle (decussation),high_confidence,1.0,HOMBA:12337,decussation of superior cerebellar peduncle,bm25+fuzzy,Superior cerebellar peduncle,decussation of superior cerebellar peduncle,decussation,1.0,superior cerebellar peduncle (brachium conjunctivum),0.88,correct
corpus,Superior colliculus,high_confidence,1.0,HOMBA:12292,superior colliculus,bm25+exact+fuzzy+hierarchy_parent,Superior colliculus,Superior colliculus,,1.0,brachium of superior colliculus,0.813844,correct
corpus,Superior occipital gyrus,high_confidence,1.0,HOMBA:12154,superior occipital gyrus,bm25+exact+fuzzy,Superior occipital gyrus,Superior occipital gyrus,,1.0,occipital lobe,0.97,correct
corpus,Superior salivatory nucleus,high_confidence,1.0,HOMBA:12435,superior salivatory nucleus,bm25+exact+fuzzy,Superior salivatory nucleus,Superior salivatory nucleus,,1.0,superior olivary complex,0.363755,correct
corpus,Superior temporal gyrus,high_confidence,1.0,HOMBA:12140,superior temporal gyrus,bm25+exact+fuzzy,Superior temporal gyrus,Superior temporal gyrus,,1.0,temporal lobe,0.97,correct
corpus,Supplementary motor area,high_confidence,1.0,HOMBA:AA30012,medial division of area 6 (supplementary motor area),bm25+exact+fuzzy,Supplementary motor area,Supplementary motor area,,1.0,lamina IX of spinal cord (spinal motor neurons),0.302446,correct
corpus,Supramarginal gyrus,high_confidence,1.0,HOMBA:12135,supramarginal gyrus,bm25+exact+fuzzy,Supramarginal gyrus,Supramarginal gyrus,,1.0,inferior parietal lobule (gyrus),0.8342,correct
corpus,Temporal pole,high_confidence,1.0,HOMBA:12146,temporal pole (temporopolar cortex),bm25+exact+fuzzy,Temporal pole,Temporal pole,,1.0,temporal lobe,0.97,correct
corpus,Thalamus,high_confidence,1.0,HOMBA:10390,thalamus,bm25+exact+fuzzy,Thalamus,Thalamus,,1.0,regions of thalamus,0.7554,correct
corpus,Trigeminal nucleus (motor),high_confidence,1.0,HOMBA:12429,"motor nucleus of trigeminal nerve (motor trigeminal nucleus, Mo5)",bm25+fuzzy,principal sensory nucleus of trigeminal nerve motor,motor principal sensory nucleus of trigeminal nerve,motor,1.0,principal sensory nucleus of trigeminal nerve,0.88,correct
corpus,Trigeminal nucleus (principal sensory),high_confidence,1.0,HOMBA:12444,principal sensory nucleus of trigeminal nerve,bm25+exact+fuzzy,Trigeminal nucleus,Trigeminal nucleus,principal;sensory;principal sensory,1.0,spinal trigeminal nucleus,0.977518,correct
corpus,Trochlear nucleus,high_confidence,1.0,HOMBA:12206,trochlear nucleus,bm25+exact+fuzzy,Trochlear nucleus,Trochlear nucleus,,1.0,efferent nuclei of the cranial nerves in midbrain,0.97,correct
corpus,Uncinate fasciculus,high_confidence,1.0,HOMBA:10594,uncinate fasciculus,bm25+exact+fuzzy,Uncinate fasciculus,Uncinate fasciculus,,1.0,dorsal fasciculus (column) of spinal cord,0.281916,correct
corpus,Ventral anterior thalamic nucleus,high_confidence,1.0,HOMBA:10417,ventral anterior nucleus of thalamus,bm25+exact+fuzzy,Ventral anterior thalamic nucleus,Ventral anterior thalamic nucleus,ventral,1.0,anterior nuclear complex of thalamus,0.6952,correct
corpus,Ventral cochlear nucleus,high_confidence,1.0,HOMBA:12439,ventral cochlear nucleus,bm25+exact+fuzzy,Ventral cochlear nucleus,Ventral cochlear nucleus,ventral,1.0,"ventral cochlear nucleus, caudal division",0.995,correct
corpus,Ventral lateral thalamic nucleus,high_confidence,1.0,HOMBA:10420,ventral lateral nucleus of thalamus,bm25+exact+fuzzy,Ventral lateral thalamic nucleus,Ventral lateral thalamic nucleus,ventral;lateral,1.0,ventral medial nucleus of thalamus,0.808138,correct
corpus,Ventral medial thalamic nucleus,high_confidence,1.0,HOMBA:10427,ventral medial nucleus of thalamus,bm25+exact+fuzzy,Ventral medial thalamic nucleus,Ventral medial thalamic nucleus,ventral;medial,1.0,ventral lateral nucleus of thalamus,0.808138,correct
corpus,Ventral posterior thalamic nucleus,high_confidence,1.0,HOMBA:10423,ventral posterior nuclear complex of thalamus,bm25+exact+fuzzy,Ventral posterior thalamic nucleus,Ventral posterior thalamic nucleus,ventral;posterior,1.0,posterior nucleus of thalamus,0.9375,correct
corpus,Ventral tegmental area,high_confidence,1.0,HOMBA:12261,ventral tegmental area,bm25+exact+fuzzy,Ventral tegmental area,Ventral tegmental area,ventral,1.0,ventral tegmental tract in hindbrain,0.876515,correct
corpus,Zona incerta,high_confidence,1.0,HOMBA:10463,zona incerta,bm25+exact+fuzzy,Zona incerta,Zona incerta,,1.0,,,correct
corpus,Frontal orbital cortex (lateral),high_confidence,0.993571,HOMBA:10205,"lateral orbital frontal cortex (OFCl, area 12/47)",bm25+fuzzy,Frontal orbital cortex (lateral),lateral orbital frontal cortex,lateral,1.0,orbital frontal cortex,0.715158,correct
corpus,Frontal orbital cortex (medial),high_confidence,0.989407,HOMBA:10195,medial orbital frontal cortex (area 14),bm25+fuzzy,Frontal orbital cortex (medial),medial orbital frontal cortex,medial,1.0,orbital frontal cortex,0.715158,correct
corpus,Trigeminal tract (mesencephalic),high_confidence,0.982135,HOMBA:12767,mesencephalic trigeminal tract,bm25+fuzzy,Trigeminal tract (mesencephalic),mesencephalic trigeminal tract,mesencephalic,1.0,mesencephalic trigeminal nucleus,0.737812,correct
corpus,External globus pallidus,high_confidence,0.978625,HOMBA:10343,external division of globus pallidus,bm25+fuzzy,External globus pallidus,external division of globus pallidus,external,1.0,external medullary lamina of globus pallidus,0.806322,correct
corpus,Lateral ventricle,high_confidence,0.976667,HOMBA:10598,body of lateral ventricles,bm25+fuzzy,Lateral ventricle,body of lateral ventricle,lateral,1.0,atrium of lateral ventricles,0.946389,correct
corpus,Internal capsule (posterior limb),high_confidence,0.95787,HOMBA:10584,caudal limb of internal capsule,bm25+fuzzy,Internal capsule (posterior limb),posterior limb of internal capsule,posterior;limb;posterior limb,1.0,internal capsule,0.88,correct
corpus,Cerebellar cortex (molecular layer),high_confidence,0.956353,HOMBA:AA30427,molecular layer of cerebellar cortex,bm25+fuzzy,Cerebellar cortex (molecular layer),molecular layer of cerebellar cortex,molecular;layer;molecular layer,1.0,cerebellar cortex,0.88,correct
corpus,Dorsal raphe,high_confidence,0.947851,HOMBA:12223,dorsal raphe nucleus,bm25+fuzzy,Dorsal raphe,dorsal raphe nuclei,dorsal,1.0,cap of dorsal raphe nucleus,0.778654,correct
corpus,Periaqueductal gray,high_confidence,0.94,HOMBA:AA30359,periaqueductal gray region,bm25+fuzzy,Periaqueductal gray,periaqueductal gray region,,1.0,periaqueductal gray substance,0.845546,correct
species,Accumbens,high_confidence,1.0,HOMBA:10339,nucleus accumbens,bm25+exact+fuzzy+hierarchy_parent,Accumbens,Accumbens,,1.0,core of nucleus accumbens,0.7009,correct
species,Amygdalohippocampal area,high_confidence,1.0,HOMBA:10377,amygdalohippocampal area,bm25+exact+fuzzy+hierarchy_parent,Amygdalohippocampal area,Amygdalohippocampal area,,1.0,amygdalohippocampal transition area,0.665675,correct
species,Amygdalopiriform transition area,high_confidence,1.0,HOMBA:10382,amygdalocortical transition area (amygdalopiriform transition area),bm25+exact+fuzzy,Amygdalopiriform transition area,Amygdalopiriform transition area,,1.0,amygdaloid transition areas,0.97,correct
species,Amygdalostriatal transition area,high_confidence,1.0,HOMBA:10381,amygdalostriatal transition area,bm25+exact+fuzzy,Amygdalostriatal transition area,Amygdalostriatal transition area,,1.0,amygdaloid transition areas,0.353645,correct
species,Angular thalamic nucleus,high_confidence,1.0,HOMBA:AA30318,angular nucleus of thalamus,bm25+exact+fuzzy,Angular thalamic nucleus,Angular thalamic nucleus,,1.0,ventral midline nuclei of thalamus,0.369828,correct
species,Ansa Lenticularis,high_confidence,1.0,HOMBA:10571,ansa lenticularis,bm25+exact+fuzzy,Ansa Lenticularis,Ansa Lenticularis,,1.0,ansa peduncularis,0.278056,correct
species,Anterior amygdaloid area,high_confidence,1.0,HOMBA:10362,anterior amygdaloid area,bm25+exact+fuzzy+hierarchy_parent,Anterior amygdaloid area,Anterior amygdaloid area,,1.0,anterior-central nuclear group of amygdala,0.97,correct
species,Anterior commissure,high_confidence,1.0,HOMBA:10559,anterior commissure,bm25+exact+fuzzy+hierarchy_parent,Anterior commissure,Anterior commissure,,1.0,rostral (anterior) branch of anterior commissure,0.697635,correct
species,Anterior Hypothalamic Area,high_confidence,1.0,HOMBA:266441551,anterior hypothalamic area,bm25+exact+fuzzy,Anterior Hypothalamic Area,Anterior Hypothalamic Area,,1.0,anterior hypothalamic nucleus,0.650252,correct
species,Anterior hypothalamic nucleus,high_confidence,1.0,HOMBA:10475,anterior hypothalamic nucleus,bm25+exact+fuzzy,Anterior hypothalamic nucleus,Anterior hypothalamic nucleus,,1.0,anterior hypothalamic area,0.756107,correct
species,Anterior Tegmental Nucleus,high_confidence,1.0,HOMBA:AA30442,anterior tegmental nucleus,bm25+exact+fuzzy,Anterior Tegmental Nucleus,Anterior Tegmental Nucleus,,1.0,pontine raphe region,0.97,correct
species,Anterior thalamic nucleus,high_confidence,1.0,HOMBA:10392,anterior nuclear complex of thalamus,bm25+exact+fuzzy+hierarchy_parent,anterior thalamic nuclei,anterior thalamic nuclei,,1.0,ventral anterior nucleus of thalamus,0.75465,correct
species,Anterodorsal thalamic nucleus,high_confidence,1.0,HOMBA:10393,anterodorsal nucleus of thalamus,bm25+exact+fuzzy,Anterodorsal thalamic nucleus,Anterodorsal thalamic nucleus,,1.0,anterior nuclear complex of thalamus,0.8342,correct
species,Anteromedial thalamic nucleus,high_confidence,1.0,HOMBA:10394,anteromedial nucleus of thalamus,bm25+exact+fuzzy,Anteromedial thalamic nucleus,Anteromedial thalamic nucleus,,1.0,anterior nuclear complex of thalamus,0.8342,correct
species,Ascending fibers of the facial nerve,high_confidence,1.0,HOMBA:12729,ascending fibers of the facial nerve in pons,bm25+exact+fuzzy,Ascending fibers of the facial nerve,Ascending fibers of the facial nerve,,1.0,genu of the facial nerve,0.286725,correct
species,Basal nucleus (of Meynert),high_confidence,1.0,HOMBA:10353,basal nucleus of Meynert,bm25+exact+fuzzy,Basal nucleus (of Meynert),Basal nucleus (of Meynert),meynert,1.0,basal ganglia (basal nuclei),0.88,correct
species,CA1 (hippocampus),high_confidence,1.0,HOMBA:10297,CA1 region of hippocampus,bm25+exact+fuzzy,CA1,CA1,hippocampus,1.0,"lamination of hippocampal proper (CA1, CA2, CA3)",1.0,correct
species,Caudate Head,high_confidence,1.0,HOMBA:10335,head of caudate nucleus,bm25+exact+fuzzy,Caudate Head,Caudate Head,,1.0,caudate nucleus (mediodorsal division of the CP),0.8342,correct
species,Caudate nucleus,high_confidence,1.0,HOMBA:10334,caudate nucleus (mediodorsal division of the CP),bm25+exact+fuzzy+hierarchy_parent,Caudate nucleus,Caudate nucleus,,1.0,body of caudate nucleus,0.843297,correct
species,Caudate Tail,high_confidence,1.0,HOMBA:10337,tail of caudate nucleus (caudolateral division of the CP),bm25+exact+fuzzy,Caudate Tail,Caudate Tail,,1.0,caudate nucleus (mediodorsal division of the CP),0.8342,correct
species,Central lateral thalamic nucleus,high_confidence,1.0,HOMBA:10444,central lateral nucleus of thalamus,bm25+exact+fuzzy,Central lateral thalamic nucleus,Central lateral thalamic nucleus,lateral,1.0,central dorsal nucleus of thalamus,0.658362,correct
species,Central medial thalamic nucleus,high_confidence,1.0,HOMBA:10445,central medial nucleus of thalamus,bm25+exact+fuzzy,Central medial thalamic nucleus,Central medial thalamic nucleus,medial,1.0,central dorsal nucleus of thalamus,0.658801,correct
species,Cerebral peduncle,high_confidence,1.0,HOMBA:12330,cerebral peduncle (crus cerebri),bm25+exact+fuzzy,Cerebral peduncle,Cerebral peduncle,,1.0,telencephalon,0.308508,correct
species,Claustrum,high_confidence,1.0,HOMBA:10346,claustrum,bm25+exact+fuzzy+hierarchy_parent,Claustrum,Claustrum,,1.0,regions of claustrum-endopiriform nuclear complex,0.97,correct
species,Cochlear Nucleus,high_confidence,1.0,HOMBA:12437,cochlear nuclei,bm25+exact+fuzzy+hierarchy_parent,Cochlear Nucleus,Cochlear Nucleus,,1.0,dorsal cochlear nucleus,0.736733,correct
species,Corticospinal Tract,high_confidence,1.0,HOMBA:12047,corticospinal tract,bm25+exact+fuzzy,Corticospinal Tract,Corticospinal Tract,,1.0,pyramidal tract,0.97,correct
species,Crossing of the superior cerebellar peduncle,high_confidence,1.0,HOMBA:12337,decussation of superior cerebellar peduncle,bm25+exact+fuzzy,Crossing of the superior cerebellar peduncle,Crossing of the superior cerebellar peduncle,,1.0,superior cerebellar peduncle (brachium conjunctivum),0.389206,correct
species,Cuneiform Nucleus,high_confidence,1.0,HOMBA:12240,cuneiform nucleus,bm25+exact+fuzzy+hierarchy_parent,Cuneiform Nucleus,Cuneiform Nucleus,,1.0,dorsal division of cuneiform nucleus,0.609167,correct
species,Dentate gyrus,high_confidence,1.0,HOMBA:10295,dentate gyrus,bm25+exact+fuzzy+hierarchy_parent,Dentate gyrus,Dentate gyrus,,1.0,major division of dentate gyrus,0.898452,correct
species,Dorsal endopiriform claustrum,high_confidence,1.0,HOMBA:AA30264,dorsal endopiriform nucleus,bm25+exact+fuzzy,Dorsal endopiriform claustrum,Dorsal endopiriform claustrum,dorsal,1.0,endopiriform nucleus,0.753867,correct
species,Dorsal lateral geniculate nucleus,high_confidence,1.0,HOMBA:10429,lateral geniculate nucleus (dorsal lateral geniculate nucleus),bm25+exact+fuzzy,Dorsal lateral geniculate nucleus,Dorsal lateral geniculate nucleus,dorsal;lateral,1.0,pregeniculate nucleus (ventral lateral geniculate nucleus),0.821572,correct
species,Dorsomedial hypothalamic nucleus,high_confidence,1.0,HOMBA:10485,dorsomedial hypothalamic nucleus,bm25+exact+fuzzy+hierarchy_parent,Dorsomedial hypothalamic nucleus,Dorsomedial hypothalamic nucleus,,1.0,diffuse division of dorsomedial hypothalamic nucleus,0.875,correct
species,Dysgranular insular cortex,high_confidence,1.0,HOMBA:10289,dysgranular insular cortex (area Idg),bm25+exact+fuzzy+hierarchy_parent,Dysgranular insular cortex,Dysgranular insular cortex,,1.0,major insular cortex,0.97,correct
species,Endopiriform nucleus,high_confidence,1.0,HOMBA:10371,endopiriform nucleus,bm25+exact+fuzzy+hierarchy_parent,Endopiriform nucleus,Endopiriform nucleus,,1.0,regions of claustrum-endopiriform nuclear complex,0.97,correct
species,Entopeduncular nucleus,high_confidence,1.0,HOMBA:146034758,entopeduncular nucleus,bm25+exact+fuzzy,Entopeduncular nucleus,Entopeduncular nucleus,,1.0,cerebellar deep nuclei,0.260505,correct
species,Entorhinal area (medial part),high_confidence,1.0,HOMBA:10319,medial (caudal) entorhinal cortex,bm25+fuzzy,Entorhinal area,medial entorhinal area,medial,1.0,intermediate entorhinal cortex,0.899167,correct
species,Extended amygdala,high_confidence,1.0,HOMBA:10383,extended amygdala,bm25+exact+fuzzy+hierarchy_parent,Extended amygdala,Extended amygdala,,1.0,regions of extended amygdala,0.94,correct
species,Facial Motor Nucleus,high_confidence,1.0,HOMBA:12420,facial nucleus,bm25+exact+fuzzy+hierarchy_parent,Facial Motor Nucleus,Facial Motor Nucleus,,1.0,"facial nucleus, stylohyoid subnucleus",0.791667,correct
species,Fasciculus retroflexus,high_confidence,1.0,HOMBA:12342,fasciculus retroflexus (habenuno-interpeduncular tract),bm25+exact+fuzzy,Fasciculus retroflexus,Fasciculus retroflexus,,1.0,dorsal fasciculus (column) of spinal cord,0.281916,correct
species,Fasciola cinereum,high_confidence,1.0,HOMBA:AA30112,fasciola cinereum (ectosplenial area 26),bm25+exact+fuzzy,Fasciola cinereum,Fasciola cinereum,,1.0,tuber cinereum,0.275439,correct
species,Fimbria,high_confidence,1.0,HOMBA:10575,fimbria,bm25+exact+fuzzy,Fimbria,Fimbria,,1.0,hippocampus,0.206054,correct
species,Flocculus,high_confidence,1.0,HOMBA:AA30424,lobule Xa (flocculus),bm25+exact+fuzzy,Flocculus,Flocculus,,1.0,lobule X (nodulus and flocculus),0.642818,correct
species,Fornix,high_confidence,1.0,HOMBA:10576,fornix,bm25+exact+fuzzy+hierarchy_parent,Fornix,Fornix,,1.0,body of the fornix,0.589807,correct
species,Frontal pole,high_confidence,1.0,HOMBA:146034888,frontal pole,bm25+exact+fuzzy,Frontal pole,Frontal pole,,1.0,frontal lobe,0.97,correct
species,Genu of the facial nerve,high_confidence,1.0,HOMBA:12738,genu of the facial nerve,bm25+exact+fuzzy,Genu of the facial nerve,Genu of the facial nerve,,1.0,root of facial nerve,0.357256,correct
species,Gigantocellular Reticular Nucleus,high_confidence,1.0,HOMBA:12625,gigantocellular reticular nuclei,bm25+exact+fuzzy,Gigantocellular Reticular Nucleus,Gigantocellular Reticular Nucleus,reticular,1.0,alpha gigantocellular reticular nucleus,0.9975,correct
species,Glomerular layer of the accessory olfactory bulb,high_confidence,1.0,HOMBA:AA30176,glomerular layer of accessory olfactory bulb,bm25+fuzzy,Glomerular layer of the accessory olfactory bulb,glomerular layer of accessory olfactory bulb,layer;accessory,1.0,glomerular layer of olfactory bulb,0.873561,correct
species,Glomerular layer of the olfactory bulb,high_confidence,1.0,HOMBA:AA30170,glomerular layer of olfactory bulb,bm25+fuzzy,Glomerular layer of the olfactory bulb,glomerular layer of olfactory bulb,layer,1.0,glomerular layer of accessory olfactory bulb,0.94492,correct
species,Granular insular cortex,high_confidence,1.0,HOMBA:10290,granular insular cortex (area Ig),bm25+exact+fuzzy,Granular insular cortex,Granular insular cortex,granular,1.0,caudal granular insular cortex,0.9975,correct
species,Habenula,high_confidence,1.0,HOMBA:10452,habenular nuclei,bm25+exact+fuzzy+hierarchy_parent,Habenula,Habenula,,1.0,medial habenular nucleus,0.5934,correct
species,Habenular commissure,high_confidence,1.0,HOMBA:10566,habenular commissure,bm25+exact+fuzzy,Habenular commissure,Habenular commissure,,1.0,hippocampal commissure,0.271515,correct
species,Head of caudate nucleus,high_confidence,1.0,HOMBA:10335,head of caudate nucleus,bm25+exact+fuzzy,Head of caudate nucleus,Head of caudate nucleus,,1.0,caudate nucleus (mediodorsal division of the CP),0.97,correct
species,Hippocampus,high_confidence,1.0,HOMBA:AA30093,hippocampus,bm25+exact+fuzzy,Hippocampus,Hippocampus,,1.0,hippocampal proper (Cornu Ammonis),0.770833,correct
species,Inferior Cerebellar Peduncle,high_confidence,1.0,HOMBA:12741,inferior cerebellar peduncle,bm25+exact+fuzzy,Inferior Cerebellar Peduncle,Inferior Cerebellar Peduncle,,1.0,middle cerebellar peduncle (brachium pontis),0.67705,correct
species,Inferior cerebellar peduncle,high_confidence,1.0,HOMBA:12741,inferior cerebellar peduncle,bm25+exact+fuzzy,Inferior cerebellar peduncle,Inferior cerebellar peduncle,,1.0,middle cerebellar peduncle (brachium pontis),0.67705,correct
species,Inferior colliculus,high_confidence,1.0,HOMBA:12305,inferior colliculus,bm25+exact+fuzzy+hierarchy_parent,Inferior colliculus,Inferior colliculus,,1.0,brachium of inferior colliculus,0.813844,correct
species,Inferior frontal gyrus,high_confidence,1.0,HOMBA:12117,inferior frontal gyrus,bm25+exact+fuzzy+hierarchy_parent,Inferior frontal gyrus,Inferior frontal gyrus,,1.0,frontal lobe,0.97,correct
species,Inferior Olive,high_confidence,1.0,HOMBA:12600,inferior olive,bm25+exact+fuzzy+hierarchy_parent,Inferior Olive,Inferior Olive,,1.0,hilus of the inferior olive,0.722962,correct
species,Inferior olive,high_confidence,1.0,HOMBA:12600,inferior olive,bm25+exact+fuzzy+hierarchy_parent,Inferior olive,Inferior olive,,1.0,hilus of the inferior olive,0.722962,correct
species,Inferior Pulvinar,high_confidence,1.0,HOMBA:10413,inferior division of pulvinar,bm25+exact+fuzzy,Inferior Pulvinar,Inferior Pulvinar,,1.0,pulvinar of thalamus,0.8342,correct
species,Inferior temporal gyrus,high_confidence,1.0,HOMBA:12142,inferior temporal gyrus,bm25+exact+fuzzy,Inferior temporal gyrus,Inferior temporal gyrus,,1.0,temporal lobe,0.97,correct
species,Infundibulum,high_confidence,1.0,HOMBA:10643,infundibular stalk,bm25+exact+fuzzy,Infundibulum,Infundibulum,,1.0,infundibular recess of 3V,0.200572,correct
species,Insular cortex,high_confidence,1.0,HOMBA:10288,major insular cortex,bm25+exact+fuzzy+hierarchy_parent,Insular cortex,Insular cortex,,1.0,agranular insular cortex (area Iag),0.854167,correct
species,Interanteromedial thalamic nucleus,high_confidence,1.0,HOMBA:13048,interanteromedial nucleus of thalamus,bm25+exact+fuzzy,Interanteromedial thalamic nucleus,Interanteromedial thalamic nucleus,,1.0,ventral midline nuclei of thalamus,0.97,correct
species,Intermediodorsal thalamic nucleus,high_confidence,1.0,HOMBA:13049,intermediodorsal  nucleus of thalamus,bm25+exact+fuzzy,Intermediodorsal thalamic nucleus,Intermediodorsal thalamic nucleus,,1.0,dorsal midline nuclei of thalamus,0.97,correct
species,Internal capsule,high_confidence,1.0,HOMBA:10581,internal capsule,bm25+exact+fuzzy+hierarchy_parent,Internal capsule,Internal capsule,,1.0,genu of internal capsule,0.854167,correct
species,Interpeduncular Nucleus,high_confidence,1.0,HOMBA:12270,interpeduncular nucleus,bm25+exact+fuzzy+hierarchy_parent,Interpeduncular Nucleus,Interpeduncular Nucleus,,1.0,"interpeduncular nucleus, apical division",0.796474,correct
species,Interpeduncular nucleus,high_confidence,1.0,HOMBA:12270,interpeduncular nucleus,bm25+exact+fuzzy+hierarchy_parent,Interpeduncular nucleus,Interpeduncular nucleus,,1.0,"interpeduncular nucleus, apical division",0.796474,correct
species,Lamina Terminalis,high_confidence,1.0,HOMBA:12105,lamina terminalis,bm25+exact+fuzzy,Lamina Terminalis,Lamina Terminalis,,1.0,stria terminalis,0.266679,correct
species,Lateral entorhinal cortex,high_confidence,1.0,HOMBA:10318,lateral (rostral) entorhinal cortex,bm25+exact+fuzzy,Lateral entorhinal cortex,Lateral entorhinal cortex,lateral,1.0,lateral intermediate division of entorhinal cortex,0.84376,correct
species,Lateral habenular nucleus,high_confidence,1.0,HOMBA:10453,lateral habenular nucleus,bm25+exact+fuzzy,Lateral habenular nucleus,Lateral habenular nucleus,lateral,1.0,interstitial (dorsal) division of lateral habenular nucleus,0.87,correct
species,Lateral Lemniscus,high_confidence,1.0,HOMBA:12760,lateral lemniscus,bm25+exact+fuzzy,Lateral Lemniscus,Lateral Lemniscus,lateral,1.0,nuclei of lateral lemniscus,0.946389,correct
species,Lateral Parabrachial Nucleus,high_confidence,1.0,HOMBA:12482,lateral parabrachial nucleus,bm25+exact+fuzzy,Lateral Parabrachial Nucleus,Lateral Parabrachial Nucleus,lateral,1.0,"lateral parabrachial nucleus, central division",0.9975,correct
species,"Lateral parietal cortex, inferior",high_confidence,1.0,HOMBA:10225,inferior lateral parietal cortex,bm25+fuzzy,"Lateral parietal cortex, inferior",inferior lateral parietal cortex,lateral,1.0,inferior parietal lobule (gyrus),0.481047,correct
species,Lateral Pulvinar,high_confidence,1.0,HOMBA:10412,lateral division of pulvinar,bm25+fuzzy,lateral pulvinar of thalamus,lateral division of pulvinar of thalamus,lateral,1.0,pulvinar of thalamus,0.7172,correct
species,Lateral Reticular Nucleus,high_confidence,1.0,HOMBA:12634,lateral reticular nucleus,bm25+exact+fuzzy,Lateral Reticular Nucleus,Lateral Reticular Nucleus,lateral;reticular,1.0,lateral reticular nuclei of pons,0.9975,correct
species,Lateral superior olive,high_confidence,1.0,HOMBA:12469,lateral superior olivary nucleus,bm25+exact+fuzzy,Lateral superior olive,Lateral superior olive,lateral,1.0,superior olivary nucleus,0.6512,correct
species,Mammillary nucleus,high_confidence,1.0,HOMBA:10498,mammillary nuclear complex,bm25+exact+fuzzy+hierarchy_parent,Mammillary nucleus,Mammillary nucleus,,1.0,mammillary (posterior) region of HTH,0.8342,correct
species,Mammillotegmental tract,high_confidence,1.0,HOMBA:12065,mammillotegmental tract,bm25+exact+fuzzy,Mammillotegmental tract,Mammillotegmental tract,,1.0,pyramidal tract,0.302708,correct
species,Medial amygdaloid nucleus,high_confidence,1.0,HOMBA:10376,medial nuclear complex of amygdala,bm25+exact+fuzzy,Medial amygdaloid nucleus,Medial amygdaloid nucleus,medial,1.0,corticomedial nuclear group of amygdala,0.686995,correct
species,Medial eminence,high_confidence,1.0,HOMBA:12820,medial eminence,bm25+exact+fuzzy,Medial eminence,Medial eminence,medial,1.0,medial ganglionic eminence,0.802404,correct
species,Medial entorhinal cortex,high_confidence,1.0,HOMBA:10319,medial (caudal) entorhinal cortex,bm25+exact+fuzzy,Medial entorhinal cortex,Medial entorhinal cortex,medial,1.0,intermediate entorhinal cortex,0.84753,correct
species,Medial geniculate nucleus,high_confidence,1.0,HOMBA:10434,medial geniculate nucleus,bm25+exact+fuzzy,Medial geniculate nucleus,Medial geniculate nucleus,medial,1.0,dorsal (rostral) division of medial geniculate nucleus,0.9975,correct
species,Medial habenular nucleus,high_confidence,1.0,HOMBA:10456,medial habenular nucleus,bm25+exact+fuzzy,Medial habenular nucleus,Medial habenular nucleus,medial,1.0,dorsal division of medial habenular nucleus,0.913605,correct
species,Medial Lemniscus,high_confidence,1.0,HOMBA:12763,medial lemniscus,bm25+exact+fuzzy,Medial Lemniscus,Medial Lemniscus,medial,1.0,decussation of medial lemniscus,0.861263,correct
species,Medial longitudinal fascicle,high_confidence,1.0,HOMBA:12764,medial longitudinal fasciculus,bm25+exact+fuzzy,Medial longitudinal fascicle,Medial longitudinal fascicle,medial,1.0,medial longitudinal fasciculus in spinal cord,0.9325,correct
species,Medial Parabrachial Nucleus,high_confidence,1.0,HOMBA:12487,medial parabrachial nucleus,bm25+exact+fuzzy,Medial Parabrachial Nucleus,Medial Parabrachial Nucleus,medial,1.0,"medial parabrachial nucleus, medial division",1.0,correct
species,Medial Pulvinar,high_confidence,1.0,HOMBA:10411,medial division of pulvinar,bm25+fuzzy,medial pulvinar of thalamus,medial division of pulvinar of thalamus,medial,1.0,pulvinar of thalamus,0.7172,correct
species,Medial superior olive,high_confidence,1.0,HOMBA:12470,medial superior olivary nucleus,bm25+exact+fuzzy,Medial superior olive,Medial superior olive,medial,1.0,superior olivary nucleus,0.6512,correct
species,Median eminence,high_confidence,1.0,HOMBA:13338,median eminence,bm25+exact+fuzzy+hierarchy_parent,Median eminence,Median eminence,,1.0,internal division of median eminence,0.695441,correct
species,Mediodorsal thalamic nucleus,high_confidence,1.0,HOMBA:10398,mediodorsal nucleus of thalamus,bm25+exact+fuzzy,Mediodorsal thalamic nucleus,Mediodorsal thalamic nucleus,,1.0,ventral midline nuclei of thalamus,0.369828,correct
species,Mediodorsal Thalamus,high_confidence,1.0,HOMBA:10398,mediodorsal nucleus of thalamus,bm25+exact+fuzzy,Mediodorsal Thalamus,Mediodorsal Thalamus,,1.0,ventral midline nuclei of thalamus,0.284685,correct
species,Midbrain reticular formation,high_confidence,1.0,HOMBA:12239,midbrain reticular formation,bm25+exact+fuzzy,Midbrain reticular formation,Midbrain reticular formation,reticular,1.0,isthmic reticular formation,0.439062,correct
species,Middle cerebellar peduncle,high_confidence,1.0,HOMBA:12768,middle cerebellar peduncle (brachium pontis),bm25+exact+fuzzy,Middle cerebellar peduncle,Middle cerebellar peduncle,,1.0,cerebellar morphology,0.323616,correct
species,Middle frontal gyrus,high_confidence,1.0,HOMBA:12116,middle frontal gyrus,bm25+exact+fuzzy,Middle frontal gyrus,Middle frontal gyrus,,1.0,frontal lobe,0.97,correct
species,Motor Trigeminal Nucleus,high_confidence,1.0,HOMBA:12429,"motor nucleus of trigeminal nerve (motor trigeminal nucleus, Mo5)",bm25+exact+fuzzy+hierarchy_parent,Motor Trigeminal Nucleus,Motor Trigeminal Nucleus,,1.0,afferent nuclei of cranial nerves in pons,0.816733,correct
species,Nucleus accumbens (core),high_confidence,1.0,HOMBA:10340,core of nucleus accumbens,bm25+fuzzy,Nucleus accumbens,core of nucleus accumbens,core,1.0,nucleus accumbens,0.88,correct
species,Nucleus accumbens (shell),high_confidence,1.0,HOMBA:10341,shell of nucleus accumbens,bm25+fuzzy,nucleus nucleus accumbens,shell of nucleus nucleus accumbens,shell,1.0,nucleus accumbens,0.88,correct
species,"Nucleus accumbens, core",high_confidence,1.0,HOMBA:10340,core of nucleus accumbens,bm25+fuzzy,nucleus nucleus accumbens core,core of nucleus nucleus accumbens,core,1.0,core of interstitial nucleus of Cajal,0.399673,correct
species,"Nucleus accumbens, shell",high_confidence,1.0,HOMBA:10341,shell of nucleus accumbens,bm25+fuzzy,nucleus nucleus accumbens shell,shell of nucleus nucleus accumbens,shell,1.0,"gracile nucleus, rostral division (shell)",0.399729,correct
species,Nucleus of the lateral olfactory tract,high_confidence,1.0,HOMBA:10309,nucleus of lateral olfactory tract,bm25+fuzzy,Nucleus of the lateral olfactory tract,nucleus of lateral olfactory tract,lateral,1.0,olfactory tract,0.566861,correct
species,Nucleus sagulum,high_confidence,1.0,HOMBA:12313,sagulum nucleus (nucleus sagulum),bm25+exact+fuzzy,Nucleus sagulum,Nucleus sagulum,,1.0,cerebellar deep nuclei,0.260505,correct
species,Obex,high_confidence,1.0,HOMBA:12812,obex,bm25+exact+fuzzy,Obex,Obex,,1.0,,,correct
species,Occulomotor Nuclei,high_confidence,1.0,HOMBA:12198,oculomotor nucleus,bm25+exact+fuzzy+hierarchy_parent,occulomotor nucleus,occulomotor nucleus,,1.0,efferent nuclei of the cranial nerves in midbrain,0.97,correct
species,Oculomotor complex,high_confidence,1.0,HOMBA:12198,oculomotor nucleus,bm25+exact+fuzzy+hierarchy_parent,Oculomotor complex,Oculomotor complex,,1.0,central oculomotor nucleus,0.736733,correct
species,Olfactory tubercle,high_confidence,1.0,HOMBA:10310,olfactory tubercle,bm25+exact+fuzzy+hierarchy_parent,Olfactory tubercle,Olfactory tubercle,,1.0,islands of Calleja of olfactory tubercle,0.674503,correct
species,Olfactory Tubercule,high_confidence,1.0,HOMBA:10310,olfactory tubercle,bm25+exact+fuzzy+hierarchy_parent,Olfactory Tubercule,Olfactory Tubercule,,1.0,islands of Calleja of olfactory tubercle,0.674503,correct
species,Olivocerebellar Tract,high_confidence,1.0,HOMBA:12747,olivocerebellar tract,bm25+exact+fuzzy,Olivocerebellar Tract,Olivocerebellar Tract,,1.0,pyramidal tract,0.302708,correct
species,Optic nerve,high_confidence,1.0,HOMBA:15544,optic nerve,bm25+exact+fuzzy,Optic nerve,Optic nerve,,1.0,optic nerve layer of superior colliculus,0.460638,correct
species,Optic Tract,high_confidence,1.0,HOMBA:10589,optic tract,bm25+exact+fuzzy,Optic Tract,Optic Tract,,1.0,nucleus of the optic tract  (lentiform nucleus),0.590086,correct
species,Parabigeminal Nucleus,high_confidence,1.0,HOMBA:12312,parabigeminal nucleus,bm25+exact+fuzzy,Parabigeminal Nucleus,Parabigeminal Nucleus,,1.0,cerebellar deep nuclei,0.260505,correct
species,Paracentral thalamic nucleus,high_confidence,1.0,HOMBA:10446,paracentral nucleus of thalamus,bm25+exact+fuzzy,Paracentral thalamic nucleus,Paracentral thalamic nucleus,,1.0,ventral midline nuclei of thalamus,0.369828,correct
species,Parafascicular thalamic nucleus,high_confidence,1.0,HOMBA:10450,parafascicular nucleus of thalamus,bm25+exact+fuzzy+hierarchy_parent,Parafascicular thalamic nucleus,Parafascicular thalamic nucleus,,1.0,caudal intralaminar nuclei of thalamus,0.97,correct
species,Paraflocculus,high_confidence,1.0,HOMBA:AA30421,lobule IXb (paraflocculus),bm25+exact+fuzzy,Paraflocculus,Paraflocculus,,1.0,lobule IX (tonsil-paraflocculus),0.8,correct
species,Parahippocampal gyrus,high_confidence,1.0,HOMBA:12162,parahippocampal gyrus,bm25+exact+fuzzy+hierarchy_parent,Parahippocampal gyrus,Parahippocampal gyrus,,1.0,anterior parahippocampal gyrus,0.736733,correct
species,Paramedian Lobule,high_confidence,1.0,HOMBA:AA30417,"lobule VIIIA (biventral lobule, part 1, paramedian lobule)",bm25+exact+fuzzy,Paramedian Lobule,Paramedian Lobule,,1.0,Lobule VIII (biventral lobule),0.97,correct
species,Parasubiculum,high_confidence,1.0,HOMBA:10316,parasubiculum (parasubicular cortex),bm25+exact+fuzzy+hierarchy_parent,Parasubiculum,Parasubiculum,,1.0,distal division (subdivision a) of PaSr,0.8,correct
species,Parataenial thalamic nucleus,high_confidence,1.0,HOMBA:10404,parataenial nucleus of thalamus,bm25+exact+fuzzy,Parataenial thalamic nucleus,Parataenial thalamic nucleus,,1.0,dorsal midline nuclei of thalamus,0.97,correct
species,Perifornical nucleus,high_confidence,1.0,HOMBA:11578,perifornical nucleus,bm25+exact+fuzzy,Perifornical nucleus,Perifornical nucleus,,1.0,cerebellar deep nuclei,0.260505,correct
species,Peripeduncular nucleus,high_confidence,1.0,HOMBA:12285,peripeduncular nucleus,bm25+exact+fuzzy,Peripeduncular nucleus,Peripeduncular nucleus,,1.0,cerebellar deep nuclei,0.260505,correct
species,Pineal gland,high_confidence,1.0,HOMBA:10460,pineal body,bm25+exact+fuzzy,Pineal gland,Pineal gland,,1.0,pituitary body/gland (hypophysis),0.278379,correct
species,Piriform cortex,high_confidence,1.0,HOMBA:10311,piriform cortex,bm25+exact+fuzzy,Piriform cortex,Piriform cortex,,1.0,dorsolateral temporal cortex,0.278749,correct
species,Pontine nuclei,high_confidence,1.0,HOMBA:12406,pontine nucleus,bm25+exact+fuzzy+hierarchy_parent,Pontine nuclei,Pontine nuclei,,1.0,pontine gamma nucleus,0.631263,correct
species,Pontine nucleus,high_confidence,1.0,HOMBA:12406,pontine nucleus,bm25+exact+fuzzy+hierarchy_parent,Pontine nucleus,Pontine nucleus,,1.0,pontine gamma nucleus,0.734026,correct
species,Posterior Commissure,high_confidence,1.0,HOMBA:10567,posterior commissure,bm25+exact+fuzzy,Posterior Commissure,Posterior Commissure,posterior,1.0,interstitial nucleus of posterior commissure (nucleus of posterior commissure),0.974167,correct
species,Posterior commissure,high_confidence,1.0,HOMBA:10567,posterior commissure,bm25+exact+fuzzy,Posterior commissure,Posterior commissure,posterior,1.0,interstitial nucleus of posterior commissure (nucleus of posterior commissure),0.974167,correct
species,Posterior hypothalamic nucleus,high_confidence,1.0,HOMBA:10503,posterior hypothalamic nucleus,bm25+exact+fuzzy,Posterior hypothalamic nucleus,Posterior hypothalamic nucleus,posterior,1.0,interstitial nucleus of posterior commissure (nucleus of posterior commissure),0.397567,correct
species,Posterior thalamic nucleus,high_confidence,1.0,HOMBA:10440,posterior nucleus of thalamus,bm25+exact+fuzzy,Posterior thalamic nucleus,Posterior thalamic nucleus,posterior,1.0,lateral posterior nucleus of thalamus,0.9975,correct
species,Postrhinal cortex,high_confidence,1.0,HOMBA:10263,posterior parahippocampal region (postrhinal cortex),bm25+exact+fuzzy,Postrhinal cortex,Postrhinal cortex,,1.0,dorsolateral temporal cortex,0.278749,correct
species,Precommissural nucleus,high_confidence,1.0,HOMBA:12287,precommissural nucleus,bm25+exact+fuzzy,Precommissural nucleus,Precommissural nucleus,,1.0,cerebellar deep nuclei,0.260505,correct
species,Pregeniculate nucleus,high_confidence,1.0,HOMBA:13042,pregeniculate nucleus (ventral lateral geniculate nucleus),bm25+exact+fuzzy+hierarchy_parent,Pregeniculate nucleus,Pregeniculate nucleus,,1.0,oval body of pregeniculate nucleus,0.775735,correct
species,Prelunate gyrus,high_confidence,1.0,HOMBA:AA30555,prelunate gyrus,bm25+exact+fuzzy,Prelunate gyrus,Prelunate gyrus,,1.0,uncus of (para)hippocampal gyrus,0.310977,correct
species,Prepositus Nucleus,high_confidence,1.0,HOMBA:12615,prepositus hypoglossal nucleus,bm25+exact+fuzzy,Prepositus Nucleus,Prepositus Nucleus,,1.0,other nuclei in dorsal medulla,0.97,correct
species,Prerubral Field,high_confidence,1.0,HOMBA:AA30325,prerubral field (field H3),bm25+exact+fuzzy,Prerubral Field,Prerubral Field,,1.0,prerubral regions,0.321046,correct
species,Presubiculum,high_confidence,1.0,HOMBA:10315,presubiculum (presubicular cortex),bm25+exact+fuzzy+hierarchy_parent,Presubiculum,Presubiculum,,1.0,caudal (dorsal) presubiculum (postsubiculum),0.676118,correct
species,Pretectal region,high_confidence,1.0,HOMBA:12181,pretectal region,bm25+exact+fuzzy,Pretectal region,Pretectal region,,1.0,pretectal nuclear complex,0.499442,correct
species,Primary auditory area,high_confidence,1.0,HOMBA:10236,"primary auditory cortex (first auditory cortex, auditory core region)",bm25+exact+fuzzy+hierarchy_parent,Primary auditory area,Primary auditory area,,1.0,"secondary auditory cortex (auditory belt region, area 42, area TB)",0.7009,correct
species,Primary motor area,high_confidence,1.0,HOMBA:10163,"primary motor cortex (first motor cortex, area 4, area FA)",bm25+exact+fuzzy,Primary motor area,Primary motor area,,1.0,frontal motor cortex (posterior frontal cortex),0.8342,correct
species,Primary visual area,high_confidence,1.0,HOMBA:10269,"primary visual cortex (first visual cortex, striate cortex, area 17, area OC)",bm25+exact+fuzzy+hierarchy_parent,Primary visual area,Primary visual area,,1.0,area x of visual cortex,0.7009,correct
species,Principal Trigeminal Nucleus,high_confidence,1.0,HOMBA:12444,principal sensory nucleus of trigeminal nerve,bm25+exact+fuzzy,Principal Trigeminal Nucleus,Principal Trigeminal Nucleus,principal,1.0,spinal trigeminal nucleus,0.949008,correct
species,Putamen,high_confidence,1.0,HOMBA:10338,putamen (lateroventral division of the CP),bm25+exact+fuzzy+hierarchy_parent,Putamen,Putamen,,1.0,caudal putamen,0.7009,correct
species,Pyramidal decussation,high_confidence,1.0,HOMBA:12772,pyramidal decussation,bm25+exact+fuzzy,Pyramidal decussation,Pyramidal decussation,decussation,1.0,supraoptic decussation,0.387737,correct
species,Pyramidal Tract,high_confidence,1.0,HOMBA:12773,pyramidal tract,bm25+exact+fuzzy+hierarchy_parent,Pyramidal Tract,Pyramidal Tract,,1.0,pyramidal part of medulla oblongata,0.258155,correct
species,Raphe Magnus Nucleus,high_confidence,1.0,HOMBA:12642,raphe magnus nucleus,bm25+exact+fuzzy,Raphe Magnus Nucleus,Raphe Magnus Nucleus,,1.0,raphe nuclei in medulla oblongata,0.97,correct
species,Raphe Obscurus Nucleus,high_confidence,1.0,HOMBA:12643,raphe obscurus nucleus,bm25+exact+fuzzy,Raphe Obscurus Nucleus,Raphe Obscurus Nucleus,,1.0,raphe nuclei in medulla oblongata,0.97,correct
species,Red nucleus,high_confidence,1.0,HOMBA:12247,red nucleus,bm25+exact+fuzzy+hierarchy_parent,Red nucleus,Red nucleus,,1.0,"red nucleus, dorsomedial division",0.653352,correct
species,Reticular thalamic nucleus,high_confidence,1.0,HOMBA:10464,reticular nucleus of thalamus,bm25+exact+fuzzy,Reticular thalamic nucleus,Reticular thalamic nucleus,reticular,1.0,caudoventrolateral reticular nucleus,0.402654,correct
species,Reticular Thalamus,high_confidence,1.0,HOMBA:10464,reticular nucleus of thalamus,bm25+exact+fuzzy,Reticular Thalamus,Reticular Thalamus,reticular,1.0,caudoventrolateral reticular nucleus,0.349263,correct
species,Reticulotegmentum,high_confidence,1.0,HOMBA:12497,reticulotegmental nucleus,bm25+exact+fuzzy+hierarchy_parent,Reticulotegmentum,Reticulotegmentum,,1.0,"reticulotegmental nucleus, dorsal division",0.7009,correct
species,Retroisthmic Nucleus,high_confidence,1.0,HOMBA:12289,retrorubral field (retroisthmic nucleus),bm25+exact+fuzzy,Retroisthmic Nucleus,Retroisthmic Nucleus,,1.0,cerebellar deep nuclei,0.260505,correct
species,Retrorubral Field,high_confidence,1.0,HOMBA:12289,retrorubral field (retroisthmic nucleus),bm25+exact+fuzzy,Retrorubral Field,Retrorubral Field,,1.0,prerubral field (field H3),0.266565,correct
species,Reuniens thalamic nucleus,high_confidence,1.0,HOMBA:10403,reuniens (medioventral) nucleus of thalamus,bm25+exact+fuzzy,Reuniens thalamic nucleus,Reuniens thalamic nucleus,,1.0,ventral midline nuclei of thalamus,0.97,correct
species,Rhomboid thalamic nucleus,high_confidence,1.0,HOMBA:10447,rhomboid (central) nucleus of thalamus,bm25+exact+fuzzy,Rhomboid thalamic nucleus,Rhomboid thalamic nucleus,,1.0,ventral midline nuclei of thalamus,0.97,correct
species,Secondary somatosensory area,high_confidence,1.0,HOMBA:13010,subcentral cortex (area 43; secondary somatosensory cortex),bm25+exact+fuzzy,Secondary somatosensory area,Secondary somatosensory area,,1.0,"primary somatosensory cortex (first somatosensory cortex, areas 3,1,2)",0.250766,correct
species,Septal region,high_confidence,1.0,HOMBA:10350,septal region (septal nuclear complex),bm25+exact+fuzzy+hierarchy_parent,Septal region,Septal region,,1.0,rostral septal nuclear complex,0.77875,correct
species,Simple Lobule,high_confidence,1.0,HOMBA:AA30408,lobule VI (simple lobule),bm25+exact+fuzzy+hierarchy_parent,Simple Lobule,Simple Lobule,,1.0,"lobule VIA (simple lobule, rostral part)",1.0,correct
species,Solitary Tract Nucleus,high_confidence,1.0,HOMBA:12557,solitary nucleus,bm25+exact+fuzzy+hierarchy_parent,Solitary Tract Nucleus,Solitary Tract Nucleus,,1.0,solitary tract,0.854167,correct
species,Spinal cord,high_confidence,1.0,HOMBA:AA30565,spinal cord,bm25+exact+fuzzy+hierarchy_parent,Spinal cord,Spinal cord,,1.0,gray matter of spinal cord,0.8925,correct
species,Spinal trigeminal nucleus,high_confidence,1.0,HOMBA:12572,spinal trigeminal nucleus,bm25+exact+fuzzy+hierarchy_parent,Spinal trigeminal nucleus,Spinal trigeminal nucleus,,1.0,afferent nuclei of cranial nerves in pons,0.817465,correct
species,Spinal Trigeminal Nucleus Caudal,high_confidence,1.0,HOMBA:12573,"spinal trigeminal nucleus, caudal division",bm25+fuzzy,spinal principal sensory nucleus of trigeminal nerve caudal,spinal principal sensory nucleus of trigeminal nerve caudal part,caudal,1.0,spinal trigeminal nucleus,0.77259,correct
species,Spinal trigeminal tract,high_confidence,1.0,HOMBA:12792,spinal trigeminal tract,bm25+exact+fuzzy,Spinal trigeminal tract,Spinal trigeminal tract,,1.0,mesencephalic trigeminal tract,0.634568,correct
species,Stria terminalis,high_confidence,1.0,HOMBA:10591,stria terminalis,bm25+exact+fuzzy,Stria terminalis,Stria terminalis,,1.0,remaining caudal extension of BST (along stria terminalis),0.736733,correct
species,Striatum,high_confidence,1.0,HOMBA:10333,striatum (neostriatum),bm25+exact+fuzzy+hierarchy_parent,Striatum,Striatum,,1.0,regions of striatum,0.7554,correct
species,Subceruleus,high_confidence,1.0,HOMBA:12500,subcoeruleus nucleus,bm25+exact+fuzzy+hierarchy_parent,Subceruleus,Subceruleus,,1.0,"subcoeruleus nucleus, dorsal division",0.671875,correct
species,Subgeniculate nucleus,high_confidence,1.0,HOMBA:AA30324,subgeniculate nucleus,bm25+exact+fuzzy,Subgeniculate nucleus,Subgeniculate nucleus,,1.0,cerebellar deep nuclei,0.260505,correct
species,Subicular complex,high_confidence,1.0,HOMBA:266441673,subicular complex,bm25+exact+fuzzy,Subicular complex,Subicular complex,,1.0,subplate-derived cell layer of subicular complex,0.493497,correct
species,Subiculum,high_confidence,1.0,HOMBA:10302,subiculum proper (strictly defined subiculum),bm25+exact+fuzzy+hierarchy_parent,Subiculum,Subiculum,,1.0,major division of subiculum,0.789559,correct
species,Submedius thalamic nucleus,high_confidence,1.0,HOMBA:AA30278,submedius thalamic nucleus,bm25+exact+fuzzy,Submedius thalamic nucleus,Submedius thalamic nucleus,,1.0,ventral midline nuclei of thalamus,0.97,correct
species,Subparafascicular Nucleus,high_confidence,1.0,HOMBA:13054,subparafascicular nucleus of thalamus,bm25+exact+fuzzy,Subparafascicular Nucleus,Subparafascicular Nucleus,,1.0,ventral midline nuclei of thalamus,0.8342,correct
species,Subparafascicular nucleus,high_confidence,1.0,HOMBA:13054,subparafascicular nucleus of thalamus,bm25+exact+fuzzy,Subparafascicular nucleus,Subparafascicular nucleus,,1.0,ventral midline nuclei of thalamus,0.8342,correct
species,Substantia nigra,high_confidence,1.0,HOMBA:12251,substantia nigra,bm25+exact+fuzzy+hierarchy_parent,Substantia nigra,Substantia nigra,,1.0,"substantia nigra, compact division",0.660445,correct
species,Substantia nigra (compact part),high_confidence,1.0,HOMBA:12252,"substantia nigra, compact division",bm25+exact+fuzzy,Substantia nigra (compact part),Substantia nigra (compact part),compact,1.0,"substantia nigra, compact division, dorsal subdivision",0.948125,correct
species,Substantia nigra (lateral part),high_confidence,1.0,HOMBA:12257,"substantia nigra, lateral division",bm25+exact+fuzzy,Substantia nigra (lateral part),Substantia nigra (lateral part),lateral,1.0,substantia nigra,0.88,correct
species,Substantia nigra (reticular part),high_confidence,1.0,HOMBA:12259,"substantia nigra, reticular division",bm25+exact+fuzzy,Substantia nigra (reticular part),Substantia nigra (reticular part),reticular,1.0,substantia nigra,0.88,correct
species,"Substantia nigra, compact part",high_confidence,1.0,HOMBA:12252,"substantia nigra, compact division",bm25+exact+fuzzy,"Substantia nigra, compact part","Substantia nigra, compact part",compact,1.0,"substantia nigra, compact division, dorsal subdivision",0.948125,correct
species,"Substantia nigra, lateral part",high_confidence,1.0,HOMBA:12257,"substantia nigra, lateral division",bm25+exact+fuzzy,"Substantia nigra, lateral part","Substantia nigra, lateral part",lateral,1.0,substantia nigra,0.675805,correct
species,"Substantia nigra, reticular part",high_confidence,1.0,HOMBA:12259,"substantia nigra, reticular division",bm25+exact+fuzzy,"Substantia nigra, reticular part","Substantia nigra, reticular part",reticular,1.0,substantia nigra,0.655583,correct
species,Subthalamic nucleus,high_confidence,1.0,HOMBA:10466,subthalamic nucleus,bm25+exact+fuzzy,Subthalamic nucleus,Subthalamic nucleus,,1.0,subthalamic fasciculus,0.273382,correct
species,Superficial gray layer of the superior colliculus,high_confidence,1.0,HOMBA:12295,superficial gray layer of superior colliculus,bm25+fuzzy,Superficial gray layer of the superior colliculus,superficial gray layer of superior colliculus,layer,1.0,superficial layer of superior colliculus,0.522306,correct
species,Superior Cerebellar Peduncle,high_confidence,1.0,HOMBA:12354,superior cerebellar peduncle (brachium conjunctivum),bm25+exact+fuzzy,Superior Cerebellar Peduncle,Superior Cerebellar Peduncle,,1.0,decussation of superior cerebellar peduncle,0.7425,correct
species,Superior Cerebellar Peduncle Decussation,high_confidence,1.0,HOMBA:12337,decussation of superior cerebellar peduncle,bm25+fuzzy,Superior Cerebellar Peduncle Decussation,decussation of superior cerebellar peduncle,decussation,1.0,pyramidal decussation,0.36107,correct
species,Superior colliculus,high_confidence,1.0,HOMBA:12292,superior colliculus,bm25+exact+fuzzy+hierarchy_parent,Superior colliculus,Superior colliculus,,1.0,brachium of superior colliculus,0.813844,correct
species,Superior frontal gyrus,high_confidence,1.0,HOMBA:12115,superior frontal gyrus,bm25+exact+fuzzy,Superior frontal gyrus,Superior frontal gyrus,,1.0,frontal lobe,0.97,correct
species,Superior paraolivary nucleus,high_confidence,1.0,HOMBA:12463,superior paraolivary nucleus,bm25+exact+fuzzy,Superior paraolivary nucleus,Superior paraolivary nucleus,,1.0,superior olivary complex,0.97,correct
species,Superior temporal gyrus,high_confidence,1.0,HOMBA:12140,superior temporal gyrus,bm25+exact+fuzzy,Superior temporal gyrus,Superior temporal gyrus,,1.0,temporal lobe,0.97,correct
species,Suprageniculate nucleus,high_confidence,1.0,HOMBA:13044,suprageniculate nucleus,bm25+exact+fuzzy,Suprageniculate nucleus,Suprageniculate nucleus,,1.0,cerebellar deep nuclei,0.260505,correct
species,Supraoptic decussation,high_confidence,1.0,HOMBA:13216,supraoptic decussation,bm25+exact+fuzzy,Supraoptic decussation,Supraoptic decussation,decussation,1.0,pyramidal decussation,0.387737,correct
species,Supraoptic nucleus,high_confidence,1.0,HOMBA:10481,supraoptic nucleus,bm25+exact+fuzzy+hierarchy_parent,Supraoptic nucleus,Supraoptic nucleus,,1.0,supraoptic region of HTH,0.97,correct
species,Tail of caudate nucleus,high_confidence,1.0,HOMBA:10337,tail of caudate nucleus (caudolateral division of the CP),bm25+exact+fuzzy,Tail of caudate nucleus,Tail of caudate nucleus,,1.0,caudate nucleus (mediodorsal division of the CP),0.97,correct
species,Temporal pole,high_confidence,1.0,HOMBA:12146,temporal pole (temporopolar cortex),bm25+exact+fuzzy,Temporal pole,Temporal pole,,1.0,temporal lobe,0.97,correct
species,Third ventricle,high_confidence,1.0,HOMBA:10602,third ventricle,bm25+exact+fuzzy+hierarchy_parent,Third ventricle,Third ventricle,,1.0,regions of third ventricle,0.870192,correct
species,Transverse Fibers,high_confidence,1.0,HOMBA:AA30879,transverse fibers,bm25+exact+fuzzy,Transverse Fibers,Transverse Fibers,,1.0,transverse fibers of pons (pontine crossing tract),0.736733,correct
species,Trapezoid body,high_confidence,1.0,HOMBA:12796,trapezoid body,bm25+exact+fuzzy,Trapezoid body,Trapezoid body,,1.0,nucleus of trapezoid body,0.680833,correct
species,Ventral anterior thalamic nucleus,high_confidence,1.0,HOMBA:10417,ventral anterior nucleus of thalamus,bm25+exact+fuzzy,Ventral anterior thalamic nucleus,Ventral anterior thalamic nucleus,ventral,1.0,anterior nuclear complex of thalamus,0.6952,correct
species,Ventral endopiriform claustrum,high_confidence,1.0,HOMBA:AA30854,ventral endopiriform nucleus,bm25+exact+fuzzy,Ventral endopiriform claustrum,Ventral endopiriform claustrum,ventral,1.0,endopiriform nucleus,0.753867,correct
species,Ventral hippocampal commissure,high_confidence,1.0,HOMBA:12023,ventral hippocampal commissure,bm25+exact+fuzzy,Ventral hippocampal commissure,Ventral hippocampal commissure,ventral,1.0,hippocampal commissure,0.753867,correct
species,Ventral pallidum,high_confidence,1.0,HOMBA:10345,ventral pallidum,bm25+exact+fuzzy,Ventral pallidum,Ventral pallidum,ventral,1.0,globus pallidus (paleostriatum),0.705435,correct
species,Ventral tegmental area,high_confidence,1.0,HOMBA:12261,ventral tegmental area,bm25+exact+fuzzy,Ventral tegmental area,Ventral tegmental area,ventral,1.0,ventral tegmental tract in hindbrain,0.876515,correct
species,Ventromedial hypothalamic nucleus,high_confidence,1.0,HOMBA:10488,ventromedial hypothalamic nucleus,bm25+exact+fuzzy+hierarchy_parent,Ventromedial hypothalamic nucleus,Ventromedial hypothalamic nucleus,,1.0,core of ventromedial hypothalamic nucleus,0.75465,correct
species,Xiphoid thalamic nucleus,high_confidence,1.0,HOMBA:AA30277,xiphoid thalamic nucleus,bm25+exact+fuzzy,Xiphoid thalamic nucleus,Xiphoid thalamic nucleus,,1.0,ventral midline nuclei of thalamus,0.97,correct
species,Dorsal Lateral Geniculate,high_confidence,0.9975,HOMBA:10429,lateral geniculate nucleus (dorsal lateral geniculate nucleus),bm25+fuzzy,Dorsal Lateral Geniculate,dorsal lateral geniculate nucleus,dorsal;lateral,1.0,pregeniculate nucleus (ventral lateral geniculate nucleus),0.660104,correct
species,Ventral posterolateral thalamic nucleus,high_confidence,0.9975,HOMBA:10424,ventral posterior lateral nucleus,bm25+fuzzy,ventral posterolateral nucleus of thalamus,ventral posterolateral nucleus,ventral,1.0,ventral lateral nucleus of thalamus,0.888079,correct
species,Ventral posteromedial thalamic nucleus,high_confidence,0.9975,HOMBA:10425,ventral posterior medial nucleus,bm25+fuzzy,ventral posteromedial nucleus of thalamus,ventral posteromedial nucleus,ventral,1.0,ventral medial nucleus of thalamus,0.880708,correct
species,"Lateral lemniscus, unspecified",high_confidence,0.997155,HOMBA:12760,lateral lemniscus,bm25+fuzzy,"Lateral lemniscus, unspecified",lateral lemniscus,lateral,1.0,nuclei of lateral lemniscus,0.75538,correct
species,"Cingulate gyrus, posterior",high_confidence,0.996027,HOMBA:10285,posterior cingulate cortex (PCC),bm25+fuzzy,cingulate cortex posterior,posterior cingulate cortex,posterior,1.0,"cingulate gyrus, caudal (posterior) part",0.889801,correct
species,"Frontal orbital cortex, lateral",high_confidence,0.993571,HOMBA:10205,"lateral orbital frontal cortex (OFCl, area 12/47)",bm25+fuzzy,"Frontal orbital cortex, lateral",lateral orbital frontal cortex,lateral,1.0,orbital frontal cortex,0.63524,correct
species,"Frontal orbital cortex, medial",high_confidence,0.989407,HOMBA:10195,medial orbital frontal cortex (area 14),bm25+fuzzy,"Frontal orbital cortex, medial",medial orbital frontal cortex,medial,1.0,orbital frontal cortex,0.638476,correct
species,"Medial lemniscus, unspecified",high_confidence,0.986071,HOMBA:12763,medial lemniscus,bm25+fuzzy,"Medial lemniscus, unspecified",medial lemniscus,medial,1.0,decussation of medial lemniscus,0.737214,correct
species,Sensory Root of the Trigeminal Nerve,high_confidence,0.984079,HOMBA:12867,sensory root of trigeminal nerve,bm25+fuzzy,sensory roots of the the trigeminal nerve,sensory roots of the trigeminal nerve,,1.0,root of trigeminal nerve,0.97,correct
species,External globus pallidus,high_confidence,0.978625,HOMBA:10343,external division of globus pallidus,bm25+fuzzy,External globus pallidus,external division of globus pallidus,external,1.0,external medullary lamina of globus pallidus,0.806322,correct
species,Lateral ventricle,high_confidence,0.976667,HOMBA:10598,body of lateral ventricles,bm25+fuzzy,Lateral ventricle,body of lateral ventricle,lateral,1.0,atrium of lateral ventricles,0.946389,correct
species,Medial Geniculate,high_confidence,0.976667,HOMBA:10434,medial geniculate nucleus,bm25+fuzzy,Medial Geniculate,medial geniculate nucleus,medial,1.0,dorsal (rostral) division of medial geniculate nucleus,0.84379,correct
species,"Inferior colliculus, external cortex",high_confidence,0.965739,HOMBA:12308,external shell (cortex) of inferior colliculus,bm25+fuzzy,"Inferior colliculus, external cortex",external cortex of inferior colliculus,external,1.0,external capsule,0.339071,correct
species,Medial lemniscus decussation,high_confidence,0.965498,HOMBA:12732,decussation of medial lemniscus,bm25+fuzzy,Medial lemniscus decussation,decussation of medial lemniscus,medial;decussation,1.0,medial lemniscus,0.41295,correct
species,"Lateral lemniscus, dorsal nucleus",high_confidence,0.963718,HOMBA:12455,dorsal nucleus of lateral lemniscus,bm25+fuzzy,lateral lemniscus dorsal nuclei,dorsal nuclei of lateral lemniscus,lateral;dorsal,1.0,nuclei of lateral lemniscus,0.784314,correct
species,"Lateral lemniscus, intermediate nucleus",high_confidence,0.963418,HOMBA:12456,intermediate nucleus of lateral lemniscus,bm25+fuzzy,"Lateral lemniscus, intermediate nucleus",intermediate nucleus of lateral lemniscus,lateral,1.0,nuclei of lateral lemniscus,0.490664,correct
species,"Lateral lemniscus, ventral nucleus",high_confidence,0.959619,HOMBA:12457,ventral nucleus of lateral lemniscus,bm25+fuzzy,lateral lemniscus ventral nuclei,ventral nuclei of lateral lemniscus,lateral;ventral,1.0,lateral subdivision of LaV,0.47003,correct
species,Brachium Superior Colliculus,high_confidence,0.954229,HOMBA:12328,brachium of superior colliculus,bm25+fuzzy,Brachium Superior Colliculus,brachium of superior colliculus,,1.0,superior colliculus,0.752528,correct
species,Amygdalostriatal Transition,high_confidence,0.951216,HOMBA:10381,amygdalostriatal transition area,bm25+fuzzy,Amygdalostriatal Transition,amygdalostriatal transition area,,1.0,amygdaloid transition areas,0.353645,correct
species,Commissure of the superior colliculus,high_confidence,0.950756,HOMBA:AA30487,commissure of superior colliculus,bm25+fuzzy,Commissure of the superior colliculus,commissure of superior colliculus,,1.0,commissure of inferior colliculus,0.602064,correct
species,Nucleus of the trapezoid body,high_confidence,0.950614,HOMBA:12458,nucleus of trapezoid body,bm25+fuzzy+hierarchy_parent,Nucleus of the trapezoid body,nucleus of trapezoid body,,1.0,trapezoid body,0.741462,correct
species,Brachium of the superior colliculus,high_confidence,0.948553,HOMBA:12328,brachium of superior colliculus,bm25+fuzzy,Brachium of the superior colliculus,brachium of superior colliculus,,1.0,superior colliculus,0.753545,correct
species,Dorsal raphe,high_confidence,0.947851,HOMBA:12223,dorsal raphe nucleus,bm25+fuzzy,Dorsal raphe,dorsal raphe nuclei,dorsal,1.0,cap of dorsal raphe nucleus,0.778654,correct
species,Bed nucleus of the stria terminalis,high_confidence,0.947234,HOMBA:10384,bed nucleus of stria terminalis,bm25+fuzzy,Bed nucleus of the stria terminalis,bed nucleus of stria terminalis,,1.0,stria terminalis,0.338265,correct
species,Accumbens nucleus,high_confidence,0.94,HOMBA:10339,nucleus accumbens,bm25+fuzzy+hierarchy_parent,nucleus accumbens nucleus,nucleus accumbens,,1.0,core of nucleus accumbens,0.613926,correct
species,Periaqueductal gray,high_confidence,0.94,HOMBA:AA30359,periaqueductal gray region,bm25+fuzzy,Periaqueductal gray,periaqueductal gray region,,1.0,periaqueductal gray substance,0.845546,correct
species,Fimbria of the hippocampus,high_confidence,0.928336,HOMBA:10575,fimbria,bm25+fuzzy,Fimbria of the hippocampus,fimbria of hippocampus,,1.0,hippocampal proper (Cornu Ammonis),0.381246,correct
species,Lateral Posterior Thalamus,high_confidence,0.904161,HOMBA:10408,lateral posterior nucleus of thalamus,bm25+fuzzy,Lateral Posterior Thalamus,lateral posterior nuclei of thalamus,lateral;posterior,1.0,posterior nucleus of thalamus,0.672721,correct
species,Ventral Anterior Thalamus,high_confidence,0.90125,HOMBA:10417,ventral anterior nucleus of thalamus,bm25+fuzzy,Ventral Anterior Thalamus,ventral anterior nuclei of thalamus,ventral,1.0,anterior nuclear complex of thalamus,0.463345,correct
