dataset,query,review_flag,score,top_homba_id,top_name,methods,matched_query,matched_alias,modifier_terms,modifier_match_score,rank2_name,rank2_score,_category,_mechanism
corpus,Prefrontal area 10pp,low_confidence,0.466685,HOMBA:10172,prefrontal cortex,bm25+fuzzy+hierarchy_parent,Prefrontal area 10pp,prefrontal cortex,,1.0,anterior cingulate  cortex (ventromedial prefrontal cortex),0.444361,D_homba_gap,HOMBA lacks this granularity
corpus,Area 55b,low_confidence,0.468125,HOMBA:AA30011,area 55b of premotor cortex,bm25+fuzzy,Area 55b,area 55b of premotor cortex,,1.0,,,D_homba_gap,HOMBA lacks this granularity
corpus,Paracentral area 5mv,low_confidence,0.468271,HOMBA:12126,"paracentral lobule, rostral part",bm25+fuzzy,Paracentral area 5mv,"paracentral lobule, rostral part",,1.0,paracentral nucleus of thalamus,0.414023,D_homba_gap,HOMBA lacks this granularity
corpus,Paracentral area 5L,low_confidence,0.473193,HOMBA:12126,"paracentral lobule, rostral part",bm25+fuzzy,Paracentral area 5L,"paracentral lobule, rostral part",,1.0,"rostral division of SPC (area 5, area PE)",0.424342,D_homba_gap,HOMBA lacks this granularity
corpus,Paracentral area 5m,low_confidence,0.473193,HOMBA:12126,"paracentral lobule, rostral part",bm25+fuzzy,Paracentral area 5m,"paracentral lobule, rostral part",,1.0,"rostral division of SPC (area 5, area PE)",0.424342,D_homba_gap,HOMBA lacks this granularity
corpus,Prefrontal area 10d,low_confidence,0.473285,HOMBA:10172,prefrontal cortex,bm25+fuzzy+hierarchy_parent,Prefrontal area 10d,prefrontal cortex,,1.0,anterior cingulate  cortex (ventromedial prefrontal cortex),0.450426,D_homba_gap,HOMBA lacks this granularity
corpus,Prefrontal area 10r,low_confidence,0.473285,HOMBA:10172,prefrontal cortex,bm25+fuzzy+hierarchy_parent,Prefrontal area 10r,prefrontal cortex,,1.0,anterior cingulate  cortex (ventromedial prefrontal cortex),0.450426,D_homba_gap,HOMBA lacks this granularity
corpus,Prefrontal area 47l,low_confidence,0.473285,HOMBA:10172,prefrontal cortex,bm25+fuzzy+hierarchy_parent,Prefrontal area 47l,prefrontal cortex,,1.0,anterior cingulate  cortex (ventromedial prefrontal cortex),0.450426,D_homba_gap,HOMBA lacks this granularity
corpus,Prefrontal area 47m,low_confidence,0.473285,HOMBA:10172,prefrontal cortex,bm25+fuzzy+hierarchy_parent,Prefrontal area 47m,prefrontal cortex,,1.0,anterior cingulate  cortex (ventromedial prefrontal cortex),0.450426,D_homba_gap,HOMBA lacks this granularity
corpus,Prefrontal area 47r,low_confidence,0.473285,HOMBA:10172,prefrontal cortex,bm25+fuzzy+hierarchy_parent,Prefrontal area 47r,prefrontal cortex,,1.0,anterior cingulate  cortex (ventromedial prefrontal cortex),0.450426,D_homba_gap,HOMBA lacks this granularity
corpus,Prefrontal area 47s,low_confidence,0.473285,HOMBA:10172,prefrontal cortex,bm25+fuzzy+hierarchy_parent,Prefrontal area 47s,prefrontal cortex,,1.0,anterior cingulate  cortex (ventromedial prefrontal cortex),0.450426,D_homba_gap,HOMBA lacks this granularity
corpus,Prefrontal area 8Ad,low_confidence,0.473285,HOMBA:10172,prefrontal cortex,bm25+fuzzy+hierarchy_parent,Prefrontal area 8Ad,prefrontal cortex,,1.0,anterior cingulate  cortex (ventromedial prefrontal cortex),0.450426,D_homba_gap,HOMBA lacks this granularity
corpus,Prefrontal area 8Av,low_confidence,0.473285,HOMBA:10172,prefrontal cortex,bm25+fuzzy+hierarchy_parent,Prefrontal area 8Av,prefrontal cortex,,1.0,anterior cingulate  cortex (ventromedial prefrontal cortex),0.450426,D_homba_gap,HOMBA lacks this granularity
corpus,Prefrontal area 8BL,low_confidence,0.473285,HOMBA:10172,prefrontal cortex,bm25+fuzzy+hierarchy_parent,Prefrontal area 8BL,prefrontal cortex,,1.0,anterior cingulate  cortex (ventromedial prefrontal cortex),0.450426,D_homba_gap,HOMBA lacks this granularity
corpus,Prefrontal area 8BM,low_confidence,0.473285,HOMBA:10172,prefrontal cortex,bm25+fuzzy+hierarchy_parent,Prefrontal area 8BM,prefrontal cortex,,1.0,anterior cingulate  cortex (ventromedial prefrontal cortex),0.450426,D_homba_gap,HOMBA lacks this granularity
corpus,Prefrontal area 8C,low_confidence,0.48031,HOMBA:10172,prefrontal cortex,bm25+fuzzy+hierarchy_parent,Prefrontal area 8C,prefrontal cortex,,1.0,anterior cingulate  cortex (ventromedial prefrontal cortex),0.456893,D_homba_gap,HOMBA lacks this granularity
corpus,Prefrontal area 9a,low_confidence,0.48031,HOMBA:10172,prefrontal cortex,bm25+fuzzy+hierarchy_parent,Prefrontal area 9a,prefrontal cortex,,1.0,anterior cingulate  cortex (ventromedial prefrontal cortex),0.456893,D_homba_gap,HOMBA lacks this granularity
corpus,Prefrontal area 9m,low_confidence,0.48031,HOMBA:10172,prefrontal cortex,bm25+fuzzy+hierarchy_parent,Prefrontal area 9m,prefrontal cortex,,1.0,anterior cingulate  cortex (ventromedial prefrontal cortex),0.456893,D_homba_gap,HOMBA lacks this granularity
corpus,Prefrontal area 9p,low_confidence,0.48031,HOMBA:10172,prefrontal cortex,bm25+fuzzy+hierarchy_parent,Prefrontal area 9p,prefrontal cortex,,1.0,anterior cingulate  cortex (ventromedial prefrontal cortex),0.456893,D_homba_gap,HOMBA lacks this granularity
corpus,Cingulate area 24dd,low_confidence,0.488395,HOMBA:10217,cingulate subdivision of area 5,bm25+fuzzy,Cingulate area 24dd,cingulate subdivision of area 5,,1.0,cingulate cortex,0.440965,D_homba_gap,HOMBA lacks this granularity
corpus,Cingulate area 24dv,low_confidence,0.488395,HOMBA:10217,cingulate subdivision of area 5,bm25+fuzzy,Cingulate area 24dv,cingulate subdivision of area 5,,1.0,cingulate cortex,0.440965,D_homba_gap,HOMBA lacks this granularity
corpus,Opercular area OP2-3,low_confidence,0.48908,HOMBA:266441161,opercular subdivision of area 44,bm25+fuzzy,Opercular area OP2-3,opercular subdivision of area 44,,1.0,subincertal nucleus (area),0.29025,D_homba_gap,HOMBA lacks this granularity
corpus,Premotor area 6mp,low_confidence,0.490741,HOMBA:10168,"premotor cortex (area 6, area FB, secondary motor cortex)",bm25+fuzzy,Premotor area 6mp,premotor cortex,,1.0,area 55b of premotor cortex,0.399311,D_homba_gap,HOMBA lacks this granularity
corpus,Cingulate area 23c,low_confidence,0.493369,HOMBA:10217,cingulate subdivision of area 5,bm25+fuzzy,Cingulate area 23c,cingulate subdivision of area 5,,1.0,cingulate cortex,0.447868,D_homba_gap,HOMBA lacks this granularity
corpus,Cingulate area 23d,low_confidence,0.493369,HOMBA:10217,cingulate subdivision of area 5,bm25+fuzzy,Cingulate area 23d,cingulate subdivision of area 5,,1.0,cingulate cortex,0.447868,D_homba_gap,HOMBA lacks this granularity
corpus,Cingulate area 31a,low_confidence,0.493369,HOMBA:10217,cingulate subdivision of area 5,bm25+fuzzy,Cingulate area 31a,cingulate subdivision of area 5,,1.0,cingulate cortex,0.447868,D_homba_gap,HOMBA lacks this granularity
corpus,Cingulate area a24,low_confidence,0.493369,HOMBA:10217,cingulate subdivision of area 5,bm25+fuzzy,Cingulate area a24,cingulate subdivision of area 5,,1.0,cingulate cortex,0.447868,D_homba_gap,HOMBA lacks this granularity
corpus,Cingulate area p24,low_confidence,0.493369,HOMBA:10217,cingulate subdivision of area 5,bm25+fuzzy,Cingulate area p24,cingulate subdivision of area 5,,1.0,cingulate cortex,0.447868,D_homba_gap,HOMBA lacks this granularity
corpus,Premotor area 6a,low_confidence,0.498215,HOMBA:10168,"premotor cortex (area 6, area FB, secondary motor cortex)",bm25+fuzzy,Premotor area 6a,premotor cortex,,1.0,area 55b of premotor cortex,0.404119,D_homba_gap,HOMBA lacks this granularity
corpus,Premotor area 6d,low_confidence,0.498215,HOMBA:10168,"premotor cortex (area 6, area FB, secondary motor cortex)",bm25+fuzzy,Premotor area 6d,premotor cortex,,1.0,area 55b of premotor cortex,0.404119,D_homba_gap,HOMBA lacks this granularity
corpus,Premotor area 6m,low_confidence,0.498215,HOMBA:10168,"premotor cortex (area 6, area FB, secondary motor cortex)",bm25+fuzzy,Premotor area 6m,premotor cortex,,1.0,area 55b of premotor cortex,0.404119,D_homba_gap,HOMBA lacks this granularity
corpus,Premotor area 6r,low_confidence,0.498215,HOMBA:10168,"premotor cortex (area 6, area FB, secondary motor cortex)",bm25+fuzzy,Premotor area 6r,premotor cortex,,1.0,area 55b of premotor cortex,0.404119,D_homba_gap,HOMBA lacks this granularity
corpus,Premotor area 6v,low_confidence,0.498215,HOMBA:10168,"premotor cortex (area 6, area FB, secondary motor cortex)",bm25+fuzzy,Premotor area 6v,premotor cortex,,1.0,area 55b of premotor cortex,0.404119,D_homba_gap,HOMBA lacks this granularity
corpus,Temporal area STSda,low_confidence,0.505197,HOMBA:12139,temporal lobe,bm25+fuzzy+hierarchy_parent,Temporal area STSda,temporal lobe,,1.0,temporal claustrum,0.493558,D_homba_gap,HOMBA lacks this granularity
corpus,Temporal area STSdp,low_confidence,0.505197,HOMBA:12139,temporal lobe,bm25+fuzzy+hierarchy_parent,Temporal area STSdp,temporal lobe,,1.0,temporal claustrum,0.493558,D_homba_gap,HOMBA lacks this granularity
corpus,Temporal area STSva,low_confidence,0.505197,HOMBA:12139,temporal lobe,bm25+fuzzy+hierarchy_parent,Temporal area STSva,temporal lobe,,1.0,temporal claustrum,0.493558,D_homba_gap,HOMBA lacks this granularity
corpus,Temporal area STSvp,low_confidence,0.505197,HOMBA:12139,temporal lobe,bm25+fuzzy+hierarchy_parent,Temporal area STSvp,temporal lobe,,1.0,temporal claustrum,0.493558,D_homba_gap,HOMBA lacks this granularity
corpus,Temporal area STGg,low_confidence,0.512266,HOMBA:12139,temporal lobe,bm25+fuzzy+hierarchy_parent,Temporal area STGg,temporal lobe,,1.0,temporal claustrum,0.500359,D_homba_gap,HOMBA lacks this granularity
corpus,Temporal area TE1a,low_confidence,0.514775,HOMBA:12139,temporal lobe,bm25+fuzzy+hierarchy_parent,Temporal area TE1a,temporal lobe,,1.0,temporal claustrum,0.484723,D_homba_gap,HOMBA lacks this granularity
corpus,Temporal area TE1m,low_confidence,0.514775,HOMBA:12139,temporal lobe,bm25+fuzzy+hierarchy_parent,Temporal area TE1m,temporal lobe,,1.0,temporal claustrum,0.494445,D_homba_gap,HOMBA lacks this granularity
corpus,Temporal area TE1p,low_confidence,0.514775,HOMBA:12139,temporal lobe,bm25+fuzzy+hierarchy_parent,Temporal area TE1p,temporal lobe,,1.0,temporal claustrum,0.484723,D_homba_gap,HOMBA lacks this granularity
corpus,Temporal area TE2a,low_confidence,0.514775,HOMBA:12139,temporal lobe,bm25+fuzzy+hierarchy_parent,Temporal area TE2a,temporal lobe,,1.0,temporal claustrum,0.484723,D_homba_gap,HOMBA lacks this granularity
corpus,Forel's field H,low_confidence,0.51772,HOMBA:AA30325,prerubral field (field H3),bm25+fuzzy,Forel's field H,prerubral field (field H3),,1.0,lenticular fasciculus (field H2),0.511592,D_homba_gap,HOMBA lacks this granularity
corpus,Temporal area PSL,low_confidence,0.519881,HOMBA:12139,temporal lobe,bm25+fuzzy+hierarchy_parent,Temporal area PSL,temporal lobe,,1.0,temporal claustrum,0.489256,D_homba_gap,HOMBA lacks this granularity
corpus,Temporal area TGd,low_confidence,0.519881,HOMBA:12139,temporal lobe,bm25+fuzzy+hierarchy_parent,Temporal area TGd,temporal lobe,,1.0,temporal claustrum,0.489256,D_homba_gap,HOMBA lacks this granularity
corpus,Opercular area OP1,low_confidence,0.520818,HOMBA:266441161,opercular subdivision of area 44,bm25+fuzzy,Opercular area OP1,opercular subdivision of area 44,,1.0,subincertal nucleus (area),0.304583,D_homba_gap,HOMBA lacks this granularity
corpus,Opercular area OP4,low_confidence,0.527818,HOMBA:266441161,opercular subdivision of area 44,bm25+fuzzy,Opercular area OP4,opercular subdivision of area 44,,1.0,subincertal nucleus (area),0.304583,D_homba_gap,HOMBA lacks this granularity
corpus,Prefrontal area 9-46d,low_confidence,0.544979,HOMBA:10181,intermediate division of DFC (area 9/46),bm25+fuzzy,Prefrontal area 9-46d,area 9,,1.0,"rostrodorsal division of DFC (area 9, DFCd)",0.544979,D_homba_gap,HOMBA lacks this granularity
corpus,Prefrontal area 9-46v,low_confidence,0.544979,HOMBA:10181,intermediate division of DFC (area 9/46),bm25+fuzzy,Prefrontal area 9-46v,area 9,,1.0,"rostrodorsal division of DFC (area 9, DFCd)",0.544979,D_homba_gap,HOMBA lacks this granularity
corpus,A1 catecholaminergic cell group,low_confidence,0.546631,HOMBA:AA30843,A8 dopamine cell group,bm25+fuzzy,A1 catecholaminergic cell group,A8 dopamine cell group,,1.0,A2 noradrenaline cell group,0.505414,D_homba_gap,HOMBA lacks this granularity
corpus,A4 catecholaminergic cell group,low_confidence,0.546631,HOMBA:AA30843,A8 dopamine cell group,bm25+fuzzy,A4 catecholaminergic cell group,A8 dopamine cell group,,1.0,A2 noradrenaline cell group,0.505414,D_homba_gap,HOMBA lacks this granularity
corpus,A5 catecholaminergic cell group,low_confidence,0.546631,HOMBA:AA30843,A8 dopamine cell group,bm25+fuzzy,A5 catecholaminergic cell group,A8 dopamine cell group,,1.0,A2 noradrenaline cell group,0.505414,D_homba_gap,HOMBA lacks this granularity
corpus,Insular area FOP1,low_confidence,0.547455,HOMBA:12176,insular lobe,bm25+fuzzy+hierarchy_parent,Insular area FOP1,insula,,1.0,major insular cortex,0.424743,D_homba_gap,HOMBA lacks this granularity
corpus,Insular area FOP2,low_confidence,0.547455,HOMBA:12176,insular lobe,bm25+fuzzy+hierarchy_parent,Insular area FOP2,insula,,1.0,major insular cortex,0.424743,D_homba_gap,HOMBA lacks this granularity
corpus,Insular area FOP3,low_confidence,0.547455,HOMBA:12176,insular lobe,bm25+fuzzy+hierarchy_parent,Insular area FOP3,insula,,1.0,major insular cortex,0.424743,D_homba_gap,HOMBA lacks this granularity
corpus,Insular area FOP4,low_confidence,0.547455,HOMBA:12176,insular lobe,bm25+fuzzy+hierarchy_parent,Insular area FOP4,insula,,1.0,major insular cortex,0.424743,D_homba_gap,HOMBA lacks this granularity
corpus,Insular area FOP5,low_confidence,0.547455,HOMBA:12176,insular lobe,bm25+fuzzy+hierarchy_parent,Insular area FOP5,insula,,1.0,major insular cortex,0.424743,D_homba_gap,HOMBA lacks this granularity
corpus,Temporal area TF,low_confidence,0.568748,HOMBA:10260,lateral division of PHC (area TF),bm25+fuzzy,Temporal area TF,area TF,,1.0,temporal lobe,0.528107,D_homba_gap,HOMBA lacks this granularity
corpus,Parietal area IP0,low_confidence,0.574173,HOMBA:12131,parietal lobe,bm25+fuzzy+hierarchy_parent,Parietal area IP0,parietal lobe,,1.0,parietal operculum,0.494173,D_homba_gap,HOMBA lacks this granularity
corpus,Parietal area IP1,low_confidence,0.574173,HOMBA:12131,parietal lobe,bm25+fuzzy+hierarchy_parent,Parietal area IP1,parietal lobe,,1.0,parietal operculum,0.494173,D_homba_gap,HOMBA lacks this granularity
corpus,Parietal area IP2,low_confidence,0.574173,HOMBA:12131,parietal lobe,bm25+fuzzy+hierarchy_parent,Parietal area IP2,parietal lobe,,1.0,parietal operculum,0.494173,D_homba_gap,HOMBA lacks this granularity
corpus,Parietal area PFt,low_confidence,0.574173,HOMBA:12131,parietal lobe,bm25+fuzzy+hierarchy_parent,Parietal area PFt,parietal lobe,,1.0,"rostral division of IPC (IPCr, area 40, area PF)",0.496324,D_homba_gap,HOMBA lacks this granularity
corpus,Parietal area PGi,low_confidence,0.574173,HOMBA:12131,parietal lobe,bm25+fuzzy+hierarchy_parent,Parietal area PGi,parietal lobe,,1.0,parietal operculum,0.494173,D_homba_gap,HOMBA lacks this granularity
corpus,Parietal area PGp,low_confidence,0.574173,HOMBA:12131,parietal lobe,bm25+fuzzy+hierarchy_parent,Parietal area PGp,parietal lobe,,1.0,parietal operculum,0.494173,D_homba_gap,HOMBA lacks this granularity
corpus,Parietal area PGs,low_confidence,0.574173,HOMBA:12131,parietal lobe,bm25+fuzzy+hierarchy_parent,Parietal area PGs,parietal lobe,,1.0,parietal operculum,0.494173,D_homba_gap,HOMBA lacks this granularity
corpus,Frontal area SFL,low_confidence,0.579864,HOMBA:12113,frontal lobe,bm25+fuzzy+hierarchy_parent,Frontal area SFL,frontal lobe,,1.0,frontal pole,0.499864,D_homba_gap,HOMBA lacks this granularity
corpus,Parietal area PFm,low_confidence,0.584173,HOMBA:12131,parietal lobe,bm25+fuzzy+hierarchy_parent,Parietal area PFm,parietal lobe,,1.0,parietal operculum,0.504173,D_homba_gap,HOMBA lacks this granularity
corpus,Parietal area PFop,low_confidence,0.585961,HOMBA:12131,parietal lobe,bm25+fuzzy+hierarchy_parent,Parietal area PFop,parietal lobe,,1.0,parietal operculum,0.505961,D_homba_gap,HOMBA lacks this granularity
corpus,Parietal area PFcm,low_confidence,0.58735,HOMBA:12131,parietal lobe,bm25+fuzzy+hierarchy_parent,Parietal area PFcm,parietal lobe,,1.0,parietal operculum,0.50735,D_homba_gap,HOMBA lacks this granularity
corpus,Prefrontal area 46,needs_review,0.629168,HOMBA:10184,"rostroventral division of DFC (area 46, DFCv)",bm25+fuzzy+hierarchy_parent,Prefrontal area 46,area 46,,1.0,dorsolateral prefrontal cortex,0.609884,D_homba_gap,HOMBA lacks this granularity
corpus,Parietal area PF,needs_review,0.661335,HOMBA:10226,"rostral division of IPC (IPCr, area 40, area PF)",bm25+fuzzy,Parietal area PF,area PF,,1.0,parietal lobe,0.580856,D_homba_gap,HOMBA lacks this granularity
corpus,Somatosensory area 3a,needs_review,0.665067,HOMBA:10209,"primary somatosensory cortex (first somatosensory cortex, areas 3,1,2)",bm25+fuzzy+hierarchy_parent,somatosensory cortex 3a,somatosensory cortex,,1.0,somatosensory radiation,0.540332,D_homba_gap,HOMBA lacks this granularity
corpus,Somatosensory area 3b,needs_review,0.665067,HOMBA:10209,"primary somatosensory cortex (first somatosensory cortex, areas 3,1,2)",bm25+fuzzy+hierarchy_parent,somatosensory cortex 3b,somatosensory cortex,,1.0,somatosensory radiation,0.540332,D_homba_gap,HOMBA lacks this granularity
corpus,Visual area V3A,needs_review,0.665067,HOMBA:10269,"primary visual cortex (first visual cortex, striate cortex, area 17, area OC)",bm25+fuzzy+hierarchy_parent,visual cortex v3a,visual cortex,,1.0,"fifth visual area (middle temporal area, MT)",0.509601,D_homba_gap,HOMBA lacks this granularity
corpus,Visual area V3B,needs_review,0.665067,HOMBA:10269,"primary visual cortex (first visual cortex, striate cortex, area 17, area OC)",bm25+fuzzy+hierarchy_parent,visual cortex v3b,visual cortex,,1.0,"fifth visual area (middle temporal area, MT)",0.509601,D_homba_gap,HOMBA lacks this granularity
corpus,Visual area V4,needs_review,0.665067,HOMBA:10269,"primary visual cortex (first visual cortex, striate cortex, area 17, area OC)",bm25+fuzzy+hierarchy_parent,visual cortex v4,visual cortex,,1.0,ventral fourth visual area (V4V),0.5375,D_homba_gap,HOMBA lacks this granularity
corpus,Visual area V6A,needs_review,0.665067,HOMBA:10269,"primary visual cortex (first visual cortex, striate cortex, area 17, area OC)",bm25+fuzzy+hierarchy_parent,visual cortex v6a,visual cortex,,1.0,"sixth visual area V6 , part A",0.556725,D_homba_gap,HOMBA lacks this granularity
corpus,Visual area V8,needs_review,0.665067,HOMBA:10269,"primary visual cortex (first visual cortex, striate cortex, area 17, area OC)",bm25+fuzzy+hierarchy_parent,visual cortex v8,visual cortex,,1.0,"fifth visual area (middle temporal area, MT)",0.52175,D_homba_gap,HOMBA lacks this granularity
corpus,A8 catecholaminergic cell group,needs_review,0.674151,HOMBA:AA30843,A8 dopamine cell group,bm25+fuzzy,A8 catecholaminergic cell group,A8 dopamine cell group,,1.0,A2 noradrenaline cell group,0.505414,D_homba_gap,HOMBA lacks this granularity
corpus,Somatosensory area 1,needs_review,0.679416,HOMBA:AA30014,area 1 of primary somatosensory cortex,bm25+fuzzy,somatosensory cortex 1,area 1 of somatosensory cortex,,1.0,subareas of primary somatosensory cortex,0.653098,D_homba_gap,HOMBA lacks this granularity
corpus,Somatosensory area 2,needs_review,0.679416,HOMBA:AA30015,area 2 of primary somatosensory cortex,bm25+fuzzy,somatosensory cortex 2,area 2 of somatosensory cortex,,1.0,subareas of primary somatosensory cortex,0.653098,D_homba_gap,HOMBA lacks this granularity
species,Frontal association area 3,low_confidence,0.304528,HOMBA:12113,frontal lobe,bm25+hierarchy_parent,Frontal association area 3,frontal lobe,,1.0,area 3 of primary somatosensory cortex,0.266446,D_homba_gap,HOMBA lacks this granularity
species,"Primary somatosensory area, barrel field",low_confidence,0.314206,HOMBA:AA30880,barrel field of S1fm (rodents),bm25,"Primary somatosensory area, barrel field",barrel field of S1fm,,1.0,"primary somatosensory cortex (first somatosensory cortex, areas 3,1,2)",0.287974,D_homba_gap,HOMBA lacks this granularity
species,Spiral ganglion,low_confidence,0.325676,HOMBA:10332,basal ganglia (basal nuclei),fuzzy,Spiral ganglion,basal ganglia,,1.0,,,D_homba_gap,HOMBA lacks this granularity
species,Vestibular apparatus,low_confidence,0.450809,HOMBA:12448,vestibular nuclei in pons,bm25+fuzzy+hierarchy_parent,Vestibular apparatus,vestibular nucleus,,1.0,vestibular nuclei in medulla,0.399762,D_homba_gap,HOMBA lacks this granularity
species,Cochlea,low_confidence,0.46225,HOMBA:12437,cochlear nuclei,fuzzy,Cochlea,cochlear nuclei,,1.0,olivocochlear bundle,0.45,D_homba_gap,HOMBA lacks this granularity
species,Cingulate area 1,low_confidence,0.504041,HOMBA:10217,cingulate subdivision of area 5,bm25+fuzzy,Cingulate area 1,cingulate subdivision of area 5,,1.0,cingulate cortex,0.463172,D_homba_gap,HOMBA lacks this granularity
species,Cingulate area 2,low_confidence,0.504041,HOMBA:10217,cingulate subdivision of area 5,bm25+fuzzy,Cingulate area 2,cingulate subdivision of area 5,,1.0,cingulate cortex,0.463172,D_homba_gap,HOMBA lacks this granularity
species,"Brainstem, unspecified",low_confidence,0.530552,HOMBA:10648,"gray matter of midbrain (mesencephalon, upper brainstem)",bm25+fuzzy,"Brainstem, unspecified",upper brainstem,,1.0,developing transient structures of lower brainstem (pons and medulla),0.298065,D_homba_gap,HOMBA lacks this granularity
species,Cerebellar Lobule 3 Intermediate,low_confidence,0.547161,HOMBA:AA30563,cerebellar morphology,bm25+hierarchy_parent,Cerebellar Lobule 3 Intermediate,cerebellar morphology,,1.0,cerebellar lobules,0.514773,D_homba_gap,HOMBA lacks this granularity
species,Cerebellar Lobule 4 Intermediate,low_confidence,0.547161,HOMBA:AA30563,cerebellar morphology,bm25+hierarchy_parent,Cerebellar Lobule 4 Intermediate,cerebellar morphology,,1.0,cerebellar lobules,0.514773,D_homba_gap,HOMBA lacks this granularity
species,Cerebellar Lobule 5 Intermediate,low_confidence,0.547161,HOMBA:AA30563,cerebellar morphology,bm25+hierarchy_parent,Cerebellar Lobule 5 Intermediate,cerebellar morphology,,1.0,cerebellar lobules,0.514773,D_homba_gap,HOMBA lacks this granularity
species,Cerebellar Lobule 6 Intermediate,low_confidence,0.547161,HOMBA:AA30563,cerebellar morphology,bm25+hierarchy_parent,Cerebellar Lobule 6 Intermediate,cerebellar morphology,,1.0,cerebellar lobules,0.514773,D_homba_gap,HOMBA lacks this granularity
species,"Primary somatosensory area, forelimb representation",needs_review,0.616768,HOMBA:10209,"primary somatosensory cortex (first somatosensory cortex, areas 3,1,2)",bm25+fuzzy+hierarchy_parent,primary somatosensory cortex forelimb representation,primary somatosensory cortex,,1.0,area 1 of primary somatosensory cortex,0.522104,D_homba_gap,HOMBA lacks this granularity
species,"Primary somatosensory area, hindlimb representation",needs_review,0.616768,HOMBA:10209,"primary somatosensory cortex (first somatosensory cortex, areas 3,1,2)",bm25+fuzzy+hierarchy_parent,primary somatosensory cortex hindlimb representation,primary somatosensory cortex,,1.0,area 1 of primary somatosensory cortex,0.51972,D_homba_gap,HOMBA lacks this granularity
species,Perirhinal area 36,needs_review,0.623878,HOMBA:AA30025,perirhinal cortical region,bm25+fuzzy+hierarchy_parent,Perirhinal area 36,perirhinal cortical region,,1.0,ectorhinal cortex (area 36),0.543878,D_homba_gap,HOMBA lacks this granularity
species,"Primary somatosensory area, trunk representation",needs_review,0.637321,HOMBA:10209,"primary somatosensory cortex (first somatosensory cortex, areas 3,1,2)",bm25+fuzzy+hierarchy_parent,primary somatosensory cortex trunk representation,primary somatosensory cortex,,1.0,area 1 of primary somatosensory cortex,0.527565,D_homba_gap,HOMBA lacks this granularity
species,Perirhinal area 35,needs_review,0.643533,HOMBA:10320,perirhinal cortex (area 35),bm25+fuzzy+hierarchy_parent,Perirhinal area 35,perirhinal cortex (area 35),,1.0,perirhinal cortical region,0.271672,D_homba_gap,HOMBA lacks this granularity
species,"Primary somatosensory area, face representation",needs_review,0.645,HOMBA:10209,"primary somatosensory cortex (first somatosensory cortex, areas 3,1,2)",bm25+fuzzy+hierarchy_parent,primary somatosensory cortex face representation,primary somatosensory cortex,,1.0,area 1 of primary somatosensory cortex,0.530727,D_homba_gap,HOMBA lacks this granularity
species,Frontal association cortex,needs_review,0.663516,HOMBA:10161,frontal cortex,bm25+fuzzy+hierarchy_parent,Frontal association cortex,frontal cortex,,1.0,"frontal polar cortex (FP, area 10)",0.590448,D_homba_gap,HOMBA lacks this granularity
species,"Primary somatosensory area, dysgranular zone",needs_review,0.670083,HOMBA:10209,"primary somatosensory cortex (first somatosensory cortex, areas 3,1,2)",bm25+fuzzy+hierarchy_parent,primary somatosensory cortex dysgranular zone,primary somatosensory cortex,,1.0,area 1 of primary somatosensory cortex,0.532383,D_homba_gap,HOMBA lacks this granularity
species,"Piriform cortex, layer 1",needs_review,0.705435,HOMBA:10311,piriform cortex,bm25+fuzzy,"Piriform cortex, layer 1",piriform cortex,layer,0.0,layer 1 (molecular layer) of ERC,0.408128,D_homba_gap,HOMBA lacks this granularity
species,"Piriform cortex, layer 2",needs_review,0.705435,HOMBA:10311,piriform cortex,bm25+fuzzy,"Piriform cortex, layer 2",piriform cortex,layer,0.0,layer 2 (outer granular cell layer) of NCx,0.408128,D_homba_gap,HOMBA lacks this granularity
species,"Piriform cortex, layer 3",needs_review,0.705435,HOMBA:10311,piriform cortex,bm25+fuzzy,"Piriform cortex, layer 3",piriform cortex,layer,0.0,unique layer 3 of primary visual cortex (primates),0.426757,D_homba_gap,HOMBA lacks this granularity
species,A11 dopamine cell group,needs_review,0.776304,HOMBA:AA30843,A8 dopamine cell group,bm25+fuzzy,A11 dopamine cell group,A8 dopamine cell group,,1.0,A2 noradrenaline cell group,0.543902,D_homba_gap,HOMBA lacks this granularity
species,A13 dopamine cell group,needs_review,0.776304,HOMBA:AA30843,A8 dopamine cell group,bm25+fuzzy,A13 dopamine cell group,A8 dopamine cell group,,1.0,A2 noradrenaline cell group,0.543902,D_homba_gap,HOMBA lacks this granularity
species,Cerebellar Lobule 10 Vermis,needs_review,0.792065,HOMBA:AA30563,cerebellar morphology,bm25+hierarchy_parent,Cerebellar Lobule 10 Vermis,cerebellar morphology,,1.0,cerebellar vermis,0.712065,D_homba_gap,HOMBA lacks this granularity
species,Cerebellar Lobule 1 Vermis,needs_review,0.798634,HOMBA:AA30563,cerebellar morphology,bm25+fuzzy+hierarchy_parent,Cerebellar Lobule 1 Vermis,cerebellar morphology,,1.0,cerebellar vermis,0.718634,D_homba_gap,HOMBA lacks this granularity
species,Cerebellar Lobule 2 Vermis,needs_review,0.798634,HOMBA:AA30563,cerebellar morphology,bm25+fuzzy+hierarchy_parent,Cerebellar Lobule 2 Vermis,cerebellar morphology,,1.0,cerebellar vermis,0.718634,D_homba_gap,HOMBA lacks this granularity
species,Cerebellar Lobule 3 Vermis,needs_review,0.798634,HOMBA:AA30563,cerebellar morphology,bm25+hierarchy_parent,Cerebellar Lobule 3 Vermis,cerebellar morphology,,1.0,cerebellar vermis,0.718634,D_homba_gap,HOMBA lacks this granularity
species,Cerebellar Lobule 4 Vermis,needs_review,0.798634,HOMBA:AA30563,cerebellar morphology,bm25+fuzzy+hierarchy_parent,Cerebellar Lobule 4 Vermis,cerebellar morphology,,1.0,cerebellar vermis,0.718634,D_homba_gap,HOMBA lacks this granularity
species,Cerebellar Lobule 5 Vermis,needs_review,0.798634,HOMBA:AA30563,cerebellar morphology,bm25+fuzzy+hierarchy_parent,Cerebellar Lobule 5 Vermis,cerebellar morphology,,1.0,cerebellar vermis,0.718634,D_homba_gap,HOMBA lacks this granularity
species,Cerebellar Lobule 6 Vermis,needs_review,0.798634,HOMBA:AA30563,cerebellar morphology,bm25+fuzzy+hierarchy_parent,Cerebellar Lobule 6 Vermis,cerebellar morphology,,1.0,cerebellar vermis,0.718634,D_homba_gap,HOMBA lacks this granularity
species,Cerebellar Lobule 7 Vermis,needs_review,0.798634,HOMBA:AA30563,cerebellar morphology,bm25+fuzzy+hierarchy_parent,Cerebellar Lobule 7 Vermis,cerebellar morphology,,1.0,cerebellar vermis,0.718634,D_homba_gap,HOMBA lacks this granularity
species,Cerebellar Lobule 8 Vermis,needs_review,0.798634,HOMBA:AA30563,cerebellar morphology,bm25+fuzzy+hierarchy_parent,Cerebellar Lobule 8 Vermis,cerebellar morphology,,1.0,cerebellar vermis,0.718634,D_homba_gap,HOMBA lacks this granularity
species,Cerebellar Lobule 9 Vermis,needs_review,0.798634,HOMBA:AA30563,cerebellar morphology,bm25+fuzzy+hierarchy_parent,Cerebellar Lobule 9 Vermis,cerebellar morphology,,1.0,cerebellar vermis,0.718634,D_homba_gap,HOMBA lacks this granularity
