dataset,query,role,review_reference_top1_id,base_id,base_name,base_score,base_flag,impr_id,impr_name,impr_score,impr_flag
corpus,External globus pallidus,llm_accept_top1,HOMBA:10343,HOMBA:10343,external division of globus pallidus,0.9362,high_confidence,HOMBA:10343,external division of globus pallidus,0.9362,high_confidence
corpus,Internal capsule (posterior limb),llm_accept_top1,HOMBA:10584,HOMBA:10584,caudal limb of internal capsule,0.9509,high_confidence,HOMBA:10584,caudal limb of internal capsule,0.9509,high_confidence
corpus,Cerebellar cortex (molecular layer),llm_accept_top1,HOMBA:AA30427,HOMBA:AA30427,molecular layer of cerebellar cortex,0.9302,high_confidence,HOMBA:AA30427,molecular layer of cerebellar cortex,0.9302,high_confidence
species,External globus pallidus,llm_accept_top1,HOMBA:10343,HOMBA:10343,external division of globus pallidus,0.9362,high_confidence,HOMBA:10343,external division of globus pallidus,0.9362,high_confidence
species,Medial lemniscus decussation,llm_accept_top1,HOMBA:12732,HOMBA:12732,decussation of medial lemniscus,0.9323,high_confidence,HOMBA:12732,decussation of medial lemniscus,0.9329,high_confidence
corpus,Internal globus pallidus,llm_reject_top1,,HOMBA:10342,globus pallidus (paleostriatum),0.9001,high_confidence,HOMBA:10342,globus pallidus (paleostriatum),0.9001,high_confidence
species,Internal globus pallidus,llm_reject_top1,,HOMBA:10342,globus pallidus (paleostriatum),0.9001,high_confidence,HOMBA:10342,globus pallidus (paleostriatum),0.9001,high_confidence
corpus,Frontal eye field,llm_accept_top1,HOMBA:AA30010,HOMBA:AA30010,frontal eye field of premotor cortex,0.617,needs_review,HOMBA:AA30010,frontal eye field of premotor cortex,0.617,needs_review
corpus,Olfactory cortex,llm_accept_top1,HOMBA:11371,HOMBA:11371,olfactory division of entorhinal cortex,0.6137,needs_review,HOMBA:11371,olfactory division of entorhinal cortex,0.6137,needs_review
corpus,Middle occipital gyrus,llm_accept_top1,HOMBA:12148,HOMBA:12148,occipital lobe,0.6439,needs_review,HOMBA:12148,occipital lobe,0.6439,needs_review
corpus,Medial insular area,llm_accept_top1,HOMBA:AA30006,HOMBA:AA30006,medial division of orbitofrontal insular cortex,0.41,low_confidence,HOMBA:AA30006,medial division of orbitofrontal insular cortex,0.41,low_confidence
corpus,Temporal occipital fusiform cortex,llm_accept_top1,HOMBA:13324,HOMBA:13324,ventrolateral temporal cortex,0.6743,needs_review,HOMBA:13324,ventrolateral temporal cortex,0.6743,needs_review
corpus,Parietal opercular cortex,llm_accept_top1,HOMBA:10208,HOMBA:10208,parietal cortex,0.698,needs_review,HOMBA:10208,parietal cortex,0.698,needs_review
corpus,Vagus (spinal accessory) neurons,llm_accept_top1,HOMBA:AA30587,HOMBA:AA30587,spinal accessory nucleus,0.7297,needs_review,HOMBA:AA30587,spinal accessory nucleus,0.7297,needs_review
corpus,Temporal frontal cortex (anterior),llm_accept_top1,HOMBA:10241,HOMBA:10241,rostral division of area 22,0.7593,needs_review,HOMBA:10241,rostral division of area 22,0.7593,needs_review
corpus,Forel's field H1,llm_accept_top1,HOMBA:10593,HOMBA:10593,thalamic fasciculus (field H1),0.7663,needs_review,HOMBA:10593,thalamic fasciculus (field H1),0.7663,needs_review
corpus,Forel's field H2,llm_accept_top1,HOMBA:10585,HOMBA:10585,lenticular fasciculus (field H2),0.7663,needs_review,HOMBA:10585,lenticular fasciculus (field H2),0.7663,needs_review
corpus,Secondary visual cortex,llm_accept_top1,HOMBA:AA30822,HOMBA:AA30822,dorsolateral extrastriate occipital cortex,0.8347,needs_review,HOMBA:AA30823,"dorsal secondary visual cortex (dorsal area 18, dorsal area OB, area 18a)",0.7547,needs_review
corpus,Superior parietal gyrus,llm_accept_top1,HOMBA:12131,HOMBA:12131,parietal lobe,0.8771,needs_review,HOMBA:12133,superior parietal lobule (gyrus),0.7971,needs_review
corpus,Lateral intraparietal area (ventral),llm_accept_top1,HOMBA:267498979,HOMBA:267498979,lateral subdivision of area 7,0.5793,modifier_conflict,HOMBA:267498979,lateral subdivision of area 7,0.5793,modifier_conflict
corpus,Uncus,llm_accept_top1,HOMBA:12165,HOMBA:12165,uncus of (para)hippocampal gyrus,0.224,low_confidence,HOMBA:12165,uncus of (para)hippocampal gyrus,0.224,low_confidence
corpus,Median cingulate and paracingulate gyri,llm_accept_top1,HOMBA:146034872,HOMBA:146034872,paracingulate gyrus,0.4529,low_confidence,HOMBA:146034872,paracingulate gyrus,0.4529,low_confidence
corpus,V4 transitional area,llm_accept_top1,HOMBA:AA30818,HOMBA:AA30818,transitional fourth visual area (V4T),0.4783,low_confidence,HOMBA:AA30818,transitional fourth visual area (V4T),0.4783,low_confidence
corpus,Rolandic operculum,llm_accept_top1,HOMBA:12127,HOMBA:12127,frontal operculum,0.4835,low_confidence,HOMBA:12127,frontal operculum,0.4835,low_confidence
corpus,Subcallosal cortex,llm_accept_top1,HOMBA:10281,HOMBA:10281,subgenual (subcallosal) cingulate cortex (area 25),0.4919,low_confidence,HOMBA:10281,subgenual (subcallosal) cingulate cortex (area 25),0.4919,low_confidence
corpus,Parahippocampal area PeEc,llm_accept_top1,HOMBA:12162,HOMBA:12162,parahippocampal gyrus,0.49,low_confidence,HOMBA:12162,parahippocampal gyrus,0.4901,low_confidence
corpus,Frontal opercular cortex,llm_accept_top1,HOMBA:12119,HOMBA:12119,"inferior frontal gyrus, opercular part",0.4926,low_confidence,HOMBA:12119,"inferior frontal gyrus, opercular part",0.4926,low_confidence
corpus,Anterior cingulate and paracingulate gyri,llm_accept_top1,HOMBA:10278,HOMBA:10278,anterior cingulate  cortex (ventromedial prefrontal cortex),0.5248,low_confidence,HOMBA:10278,anterior cingulate  cortex (ventromedial prefrontal cortex),0.5249,low_confidence
corpus,Meyer's loop (geniculocalcarine tract),llm_accept_top1,HOMBA:266441617,HOMBA:266441617,Meyer's loop of optic radiation,0.538,low_confidence,HOMBA:266441617,Meyer's loop of optic radiation,0.538,low_confidence
corpus,Premotor eye field,llm_accept_top1,HOMBA:AA30010,HOMBA:AA30010,frontal eye field of premotor cortex,0.5438,low_confidence,HOMBA:AA30010,frontal eye field of premotor cortex,0.5438,low_confidence
corpus,Calcarine fissure and surrounding cortex,llm_accept_top1,HOMBA:10612,HOMBA:10612,calcarine sulcus (fissure),0.5722,low_confidence,HOMBA:10612,calcarine sulcus (fissure),0.5722,low_confidence
species,Basolateral Ventral Amygdaloid Nucleus,llm_accept_top1,HOMBA:10368,HOMBA:10368,basolateral nucleus (basal nucleus) of amygdala,0.5926,low_confidence,HOMBA:10368,basolateral nucleus (basal nucleus) of amygdala,0.5926,low_confidence
species,Basolateral Dorsal Amygdaloid Nucleus,llm_accept_top1,HOMBA:10368,HOMBA:10368,basolateral nucleus (basal nucleus) of amygdala,0.594,low_confidence,HOMBA:10368,basolateral nucleus (basal nucleus) of amygdala,0.594,low_confidence
species,Medial cerebellar peduncle,llm_accept_top1,HOMBA:12768,HOMBA:12768,middle cerebellar peduncle (brachium pontis),0.6071,needs_review,HOMBA:12768,middle cerebellar peduncle (brachium pontis),0.6071,needs_review
species,"Amygdaloid area, unspecified",llm_accept_top1,HOMBA:AA30222,HOMBA:AA30222,regions of amygdaloid complex,0.5975,low_confidence,HOMBA:AA30222,regions of amygdaloid complex,0.5975,low_confidence
species,"Facial nerve, unspecified",llm_accept_top1,HOMBA:12862,HOMBA:12862,root of facial nerve,0.6048,needs_review,HOMBA:12862,root of facial nerve,0.6049,needs_review
species,Ventrolateral thalamic nucleus (posterodorsal part),llm_accept_top1,HOMBA:10420,HOMBA:10420,ventral lateral nucleus of thalamus,0.6139,needs_review,HOMBA:10420,ventral lateral nucleus of thalamus,0.88,needs_review
species,Ventrolateral thalamic nucleus (posteroventral part),llm_accept_top1,HOMBA:10420,HOMBA:10420,ventral lateral nucleus of thalamus,0.6139,needs_review,HOMBA:10420,ventral lateral nucleus of thalamus,0.88,needs_review
species,Justaparaventricular Lateral Hypothalamus,llm_accept_top1,HOMBA:13337,HOMBA:13337,accessory secretory cells of lateral hypothalamus,0.6102,needs_review,HOMBA:13337,accessory secretory cells of lateral hypothalamus,0.6102,needs_review
species,Centromedial-parafascicular Thalamus,llm_accept_top1,HOMBA:10448,HOMBA:10448,caudal intralaminar nuclei of thalamus,0.6083,needs_review,HOMBA:10448,caudal intralaminar nuclei of thalamus,0.6083,needs_review
species,Central Gray Nucleus,llm_accept_top1,HOMBA:146034964,HOMBA:146034964,central gray region of pons,0.6116,needs_review,HOMBA:146034964,central gray region of pons,0.6116,needs_review
species,"Frontal orbital cortex, posterior",llm_accept_top1,HOMBA:10194,HOMBA:10194,orbital frontal cortex,0.6246,needs_review,HOMBA:10194,orbital frontal cortex,0.6246,needs_review
species,Peduncular Lateral Hypothalamus,llm_accept_top1,HOMBA:13337,HOMBA:13337,accessory secretory cells of lateral hypothalamus,0.6271,needs_review,HOMBA:13337,accessory secretory cells of lateral hypothalamus,0.627,needs_review
species,Basolateral amygdaloid nucleus (dorsal),llm_accept_top1,HOMBA:10368,HOMBA:10368,basolateral nucleus (basal nucleus) of amygdala,0.6179,needs_review,HOMBA:10368,basolateral nucleus (basal nucleus) of amygdala,0.6179,needs_review
species,Basolateral amygdaloid nucleus (intermediate),llm_accept_top1,HOMBA:10368,HOMBA:10368,basolateral nucleus (basal nucleus) of amygdala,0.6179,needs_review,HOMBA:10368,basolateral nucleus (basal nucleus) of amygdala,0.6179,needs_review
species,Basolateral amygdaloid nucleus (ventral),llm_accept_top1,HOMBA:10368,HOMBA:10368,basolateral nucleus (basal nucleus) of amygdala,0.6179,needs_review,HOMBA:10368,basolateral nucleus (basal nucleus) of amygdala,0.6179,needs_review
species,"Striate cortex, dorsolateral, inferior",llm_accept_top1,HOMBA:10269,HOMBA:10269,"primary visual cortex (first visual cortex, striate cortex, area 17, area OC)",0.635,needs_review,HOMBA:10269,"primary visual cortex (first visual cortex, striate cortex, area 17, area OC)",0.635,needs_review
species,"Striate cortex, dorsolateral, superior",llm_accept_top1,HOMBA:10269,HOMBA:10269,"primary visual cortex (first visual cortex, striate cortex, area 17, area OC)",0.635,needs_review,HOMBA:10269,"primary visual cortex (first visual cortex, striate cortex, area 17, area OC)",0.635,needs_review
species,Zona Incerta and Lenticular Fascicles,llm_accept_top1,HOMBA:10463,HOMBA:10463,zona incerta,0.6377,needs_review,HOMBA:10463,zona incerta,0.6377,needs_review
species,"Zona incerta, A11 dopamine cells",llm_accept_top1,HOMBA:10463,HOMBA:10463,zona incerta,0.6491,needs_review,HOMBA:10463,zona incerta,0.6491,needs_review
species,"Zona incerta, A13 dopamine cells",llm_accept_top1,HOMBA:10463,HOMBA:10463,zona incerta,0.6491,needs_review,HOMBA:10463,zona incerta,0.6491,needs_review
species,Alveus of the hippocampus,llm_accept_top1,HOMBA:AA30093,HOMBA:AA30093,hippocampus,0.6511,needs_review,HOMBA:AA30093,hippocampus,0.6511,needs_review
species,Paraventricular Hypothalamus,llm_accept_top1,HOMBA:10476,HOMBA:10476,paraventricular nucleus of hypothalamus,0.6362,needs_review,HOMBA:10476,paraventricular nucleus of hypothalamus,0.6362,needs_review
species,Corticofugal tract and corona radiata,llm_accept_top1,HOMBA:12030,HOMBA:12030,corona radiata,0.6558,needs_review,HOMBA:12030,corona radiata,0.6558,needs_review
species,"Zona incerta, ventral part",llm_accept_top1,HOMBA:10463,HOMBA:10463,zona incerta,0.659,needs_review,HOMBA:10463,zona incerta,0.659,needs_review
species,Retromammillary Hypothalamus,llm_accept_top1,HOMBA:10467,HOMBA:10467,hypothalamus,0.6505,needs_review,HOMBA:10467,hypothalamus,0.6505,needs_review
species,Vestibular nerve,llm_accept_top1,HOMBA:12868,HOMBA:12868,root of vestibulocochlear nerve,0.6552,needs_review,HOMBA:12868,root of vestibulocochlear nerve,0.6553,needs_review
species,"Zona incerta, caudal part",llm_accept_top1,HOMBA:10463,HOMBA:10463,zona incerta,0.6678,needs_review,HOMBA:10463,zona incerta,0.6678,needs_review
species,"Zona incerta, dorsal part",llm_accept_top1,HOMBA:10463,HOMBA:10463,zona incerta,0.6678,needs_review,HOMBA:10463,zona incerta,0.6678,needs_review
species,Temporal association cortex,llm_accept_top1,HOMBA:10235,HOMBA:10235,temporal cortex,0.6699,needs_review,HOMBA:10235,temporal cortex,0.6699,needs_review
species,Ventromedial Posterior+basal Thalamus,llm_accept_top1,HOMBA:10423,HOMBA:10423,ventral posterior nuclear complex of thalamus,0.6787,needs_review,HOMBA:10423,ventral posterior nuclear complex of thalamus,0.7211,needs_review
species,Cochlear nerve,llm_accept_top1,HOMBA:12868,HOMBA:12868,root of vestibulocochlear nerve,0.6835,needs_review,HOMBA:12868,root of vestibulocochlear nerve,0.6835,needs_review
species,Deeper layers of the superior colliculus,llm_accept_top1,HOMBA:12292,HOMBA:12292,superior colliculus,0.6842,needs_review,HOMBA:12292,superior colliculus,0.6843,needs_review
species,Lamina terminalis and vascular organ,llm_accept_top1,HOMBA:12105,HOMBA:12105,lamina terminalis,0.6903,needs_review,HOMBA:12105,lamina terminalis,0.6903,needs_review
species,"Posterior thalamic nuclear group, triangular part",llm_accept_top1,HOMBA:10440,HOMBA:10440,posterior nucleus of thalamus,0.6889,needs_review,HOMBA:10440,posterior nucleus of thalamus,0.6889,needs_review
species,Parietal opercular cortex,llm_accept_top1,HOMBA:10208,HOMBA:10208,parietal cortex,0.698,needs_review,HOMBA:10208,parietal cortex,0.698,needs_review
species,Intra-amygdaloid division of the bed nucleus of the stria terminalis,llm_accept_top1,HOMBA:10384,HOMBA:10384,bed nucleus of stria terminalis,0.6893,needs_review,HOMBA:10384,bed nucleus of stria terminalis,0.6893,needs_review
species,Zona incerta and H fields,llm_accept_top1,HOMBA:10463,HOMBA:10463,zona incerta,0.7155,needs_review,HOMBA:10463,zona incerta,0.7156,needs_review
species,"Parietal association cortex, medial area",llm_accept_top1,HOMBA:10215,HOMBA:10215,superior medial parietal cortex,0.7062,needs_review,HOMBA:10215,superior medial parietal cortex,0.7062,needs_review
species,"Anterior commissure, anterior limb",llm_accept_top1,HOMBA:10388,HOMBA:10388,interstitial nucleus of posterior limb of anterior commissure (fundus of striatum),0.7094,needs_review,HOMBA:10388,interstitial nucleus of posterior limb of anterior commissure (fundus of striatum),0.7094,needs_review
species,"Parietal association cortex, lateral area",llm_accept_top1,HOMBA:10225,HOMBA:10225,inferior lateral parietal cortex,0.7079,needs_review,HOMBA:10225,inferior lateral parietal cortex,0.7079,needs_review
species,Anterior pituitary,llm_accept_top1,HOMBA:10505,HOMBA:10505,pituitary body/gland (hypophysis),0.7081,needs_review,HOMBA:AA30782,anterior lobe of pituitary body (adenohypophysis),0.6281,needs_review
species,Pontine Reticulum Caudal,llm_accept_top1,HOMBA:12493,HOMBA:12493,"pontine reticular nucleus, caudal division",0.7128,needs_review,HOMBA:12493,"pontine reticular nucleus, caudal division",0.7128,needs_review
species,Molecular cell layer of the cerebellum,llm_accept_top1,HOMBA:AA30427,HOMBA:AA30427,molecular layer of cerebellar cortex,0.724,needs_review,HOMBA:AA30427,molecular layer of cerebellar cortex,0.724,needs_review
species,Pontine Reticulum Oral,llm_accept_top1,HOMBA:12494,HOMBA:12494,"pontine reticular nucleus, rostral division",0.7272,needs_review,HOMBA:12494,"pontine reticular nucleus, rostral division",0.7272,needs_review
species,Intraamygdaloid Stria Terminalis,llm_accept_top1,HOMBA:10591,HOMBA:10591,stria terminalis,0.7466,needs_review,HOMBA:10591,stria terminalis,0.7466,needs_review
species,"Zona incerta, rostral part",llm_accept_top1,HOMBA:10463,HOMBA:10463,zona incerta,0.7489,needs_review,HOMBA:10463,zona incerta,0.7489,needs_review
species,Basolateral Intermediate Amygdaloid Nucleus,llm_accept_top1,HOMBA:10366,HOMBA:10366,basolateral nuclear group of amygdala,0.7408,needs_review,HOMBA:10368,basolateral nucleus (basal nucleus) of amygdala,0.6608,needs_review
species,Paralaminar amygdaloid nucleus,llm_accept_top1,HOMBA:10370,HOMBA:10370,paralaminar nucleus of amygdala,0.7368,needs_review,HOMBA:10370,paralaminar nucleus of amygdala,0.7368,needs_review
species,"Medial geniculate body, medial division",llm_accept_top1,HOMBA:10439,HOMBA:10439,medial division of medial geniculate nucleus,0.7527,needs_review,HOMBA:10439,medial division of medial geniculate nucleus,0.7527,needs_review
species,Peduncular lateral hypothalamic nucleus,llm_accept_top1,HOMBA:13070,HOMBA:13070,magnocellular nucleus of lateral hypothalamic area,0.744,needs_review,HOMBA:13070,magnocellular nucleus of lateral hypothalamic area,0.744,needs_review
species,Posterior pituitary,llm_accept_top1,HOMBA:AA30783,HOMBA:AA30783,posterior lobe of pituitary body (neurohypophysis),0.7521,needs_review,HOMBA:AA30783,posterior lobe of pituitary body (neurohypophysis),0.7522,needs_review
species,Ventral Lateral Posterodorsal Thalamus,llm_accept_top1,HOMBA:10420,HOMBA:10420,ventral lateral nucleus of thalamus,0.7558,needs_review,HOMBA:10420,ventral lateral nucleus of thalamus,0.7558,needs_review
species,Ventral Lateral Posteroventral Thalamus,llm_accept_top1,HOMBA:10420,HOMBA:10420,ventral lateral nucleus of thalamus,0.7648,needs_review,HOMBA:10420,ventral lateral nucleus of thalamus,0.7648,needs_review
species,"Medial geniculate body, ventral division",llm_accept_top1,HOMBA:10438,HOMBA:10438,ventral (caudal) division of medial geniculate nucleus,0.7721,needs_review,HOMBA:10438,ventral (caudal) division of medial geniculate nucleus,0.7721,needs_review
species,Superior cerebellar peduncle and prerubral field,llm_accept_top1,HOMBA:12354,HOMBA:12354,superior cerebellar peduncle (brachium conjunctivum),0.7759,needs_review,HOMBA:12354,superior cerebellar peduncle (brachium conjunctivum),0.7759,needs_review
species,"Anterior commissure, posterior limb",llm_accept_top1,HOMBA:10388,HOMBA:10388,interstitial nucleus of posterior limb of anterior commissure (fundus of striatum),0.7693,needs_review,HOMBA:10388,interstitial nucleus of posterior limb of anterior commissure (fundus of striatum),0.7693,needs_review
species,"Parietal association cortex, posterior area",llm_accept_top1,HOMBA:10214,HOMBA:10214,posterior parietal cortex,0.7726,needs_review,HOMBA:10214,posterior parietal cortex,0.7726,needs_review
species,"Frontal orbital cortex, anterior",llm_accept_top1,HOMBA:10161,HOMBA:10161,frontal cortex,0.7983,needs_review,HOMBA:10194,orbital frontal cortex,0.7184,needs_review
species,Cuneate Gracile Nuclei,llm_accept_top1,HOMBA:12587,HOMBA:12587,sensory relay nuclei in medulla oblongata,0.8052,needs_review,HOMBA:12592,gracile nucleus,0.7252,needs_review
species,Retrosplenial granular area,llm_accept_top1,HOMBA:10325,HOMBA:10325,"granular retrosplenial cortex (area 29, RSg)",0.8155,needs_review,HOMBA:10325,"granular retrosplenial cortex (area 29, RSg)",0.8155,needs_review
species,"Basal forebrain region, unspecified",llm_accept_top1,HOMBA:10349,HOMBA:10349,basal forebrain,0.7838,needs_review,HOMBA:10349,basal forebrain,0.7745,needs_review
species,"Medial geniculate body, marginal zone",llm_accept_top1,HOMBA:266441523,HOMBA:266441523,marginal zone of medial geniculate nucleus,0.8085,needs_review,HOMBA:266441523,marginal zone of medial geniculate nucleus,0.8085,needs_review
species,Medial geniculate complex (marginal zone),llm_accept_top1,HOMBA:266441523,HOMBA:266441523,marginal zone of medial geniculate nucleus,0.8091,needs_review,HOMBA:266441523,marginal zone of medial geniculate nucleus,0.8091,needs_review
species,"Medial geniculate body, suprageniculate nucleus",llm_accept_top1,HOMBA:10434,HOMBA:10434,medial geniculate nucleus,0.8202,needs_review,HOMBA:10434,medial geniculate nucleus,0.8202,needs_review
species,Posterior Interstitial Nucleus,llm_accept_top1,HOMBA:12194,HOMBA:12194,interstitial nucleus of posterior commissure (nucleus of posterior commissure),0.806,needs_review,HOMBA:12194,interstitial nucleus of posterior commissure (nucleus of posterior commissure),0.806,needs_review
species,"Precentral gyrus, medial/supplementary motor area",llm_accept_top1,HOMBA:AA30012,HOMBA:AA30012,medial division of area 6 (supplementary motor area),0.8278,needs_review,HOMBA:AA30012,medial division of area 6 (supplementary motor area),0.8278,needs_review
species,"External medullary lamina, unspecified",llm_accept_top1,HOMBA:12038,HOMBA:12038,external medullary lamina of thalamus,0.8336,needs_review,HOMBA:12038,external medullary lamina of thalamus,0.8336,needs_review
species,Spinal Trigeminal Nucleus Oral,llm_accept_top1,HOMBA:12447,HOMBA:12447,"spinal nucleus of trigeminal nerve, rostral subnucleus",0.8523,needs_review,HOMBA:12447,"spinal nucleus of trigeminal nerve, rostral subnucleus",0.8523,needs_review
species,Copula of the Pyramis,llm_accept_top1,HOMBA:AA30418,HOMBA:AA30418,"lobule VIIIB (biventral lobule, part 2, copula pyramis)",0.7911,needs_review,HOMBA:AA30418,"lobule VIIIB (biventral lobule, part 2, copula pyramis)",0.7911,needs_review
species,Ventromedial occipital cortex,llm_accept_top1,HOMBA:10270,HOMBA:10270,extrastriate occipital cortex,0.8636,needs_review,HOMBA:AA30826,ventromedial extrastriate occipital cortex,0.7836,needs_review
species,Lateral Dorsal Thalamus,llm_accept_top1,HOMBA:10396,HOMBA:10396,lateral dorsal nucleus of thalamus,0.8669,needs_review,HOMBA:10391,dorsal thalamus,0.9033,modifier_conflict
species,Pyramidal Tract Decussation,llm_accept_top1,HOMBA:12772,HOMBA:12772,pyramidal decussation,0.8958,needs_review,HOMBA:12772,pyramidal decussation,0.8954,needs_review
species,Lateral Dorsal Tegmentum,llm_accept_top1,HOMBA:AA30457,HOMBA:AA30457,lateral cell group of medulla tegmentum,0.5697,modifier_conflict,HOMBA:AA30451,dorsal cell group of medulla tegmentum,0.5593,modifier_conflict
species,Ventroposterior Medial and Lateral Thalamus,llm_accept_top1,HOMBA:10420,HOMBA:10420,ventral lateral nucleus of thalamus,0.588,modifier_conflict,HOMBA:10408,lateral posterior nucleus of thalamus,0.6275,modifier_conflict
species,Posterior thalamic nuclear group (triangular part),llm_accept_top1,HOMBA:10440,HOMBA:10440,posterior nucleus of thalamus,0.6289,modifier_conflict,HOMBA:10440,posterior nucleus of thalamus,0.6289,modifier_conflict
species,Ventromedial thalamic nucleus (posterior and basal),llm_accept_top1,HOMBA:10423,HOMBA:10440,posterior nucleus of thalamus,0.7021,modifier_conflict,HOMBA:10427,ventral medial nucleus of thalamus,0.88,needs_review
species,Lateral Dorsal Amygdaloid Nucleus,llm_accept_top1,HOMBA:10367,HOMBA:10367,lateral nucleus of amygdala,0.7036,modifier_conflict,HOMBA:146034710,dorsal division of anterior amygdaloid area,0.5707,modifier_conflict
species,"Dorsal cochlear nucleus, fusiform and granule layer",llm_accept_top1,HOMBA:12438,HOMBA:12438,dorsal cochlear nucleus,0.732,modifier_conflict,HOMBA:12438,dorsal cochlear nucleus,0.732,modifier_conflict
species,Ventral Lateral Anterior Thalamus,llm_accept_top1,HOMBA:10417,HOMBA:10417,ventral anterior nucleus of thalamus,0.7334,modifier_conflict,HOMBA:10417,ventral anterior nucleus of thalamus,0.7334,modifier_conflict
species,"Ventral posterior nucleus of the thalamus, parvicellular part",llm_accept_top1,HOMBA:AA30312,HOMBA:AA30312,parvicellular nucleus of posterior thalamus,0.7633,modifier_conflict,HOMBA:AA30312,parvicellular nucleus of posterior thalamus,0.7634,modifier_conflict
species,External globus pallidus (lateral part),llm_accept_top1,HOMBA:10343,HOMBA:10343,external division of globus pallidus,0.8262,modifier_conflict,HOMBA:10343,external division of globus pallidus,0.8262,modifier_conflict
species,External globus pallidus (medial part),llm_accept_top1,HOMBA:10343,HOMBA:10343,external division of globus pallidus,0.8262,modifier_conflict,HOMBA:10343,external division of globus pallidus,0.8262,modifier_conflict
species,Ventral Lateral X Thalamus,llm_accept_top1,HOMBA:10420,HOMBA:10420,ventral lateral nucleus of thalamus,0.4439,low_confidence,HOMBA:10420,ventral lateral nucleus of thalamus,0.4438,low_confidence
species,Fields of Forel,llm_accept_top1,HOMBA:10462,HOMBA:10462,nucleus of the field of Forel,0.454,low_confidence,HOMBA:10462,nucleus of the field of Forel,0.454,low_confidence
species,Subcallosal cortex,llm_accept_top1,HOMBA:10281,HOMBA:10281,subgenual (subcallosal) cingulate cortex (area 25),0.4919,low_confidence,HOMBA:10281,subgenual (subcallosal) cingulate cortex (area 25),0.4919,low_confidence
species,Ventrolateral Tegmentum,llm_accept_top1,HOMBA:12416,HOMBA:12416,pontine tegmentum,0.5082,low_confidence,HOMBA:12416,pontine tegmentum,0.5082,low_confidence
species,Centromedian and parafascicular thalamic complex,llm_accept_top1,HOMBA:10450,HOMBA:10450,parafascicular nucleus of thalamus,0.5068,low_confidence,HOMBA:10450,parafascicular nucleus of thalamus,0.5069,low_confidence
species,Ventrolateral orbital area,llm_accept_top1,HOMBA:AA30533,HOMBA:AA30533,orbital gyri,0.5172,low_confidence,HOMBA:AA30533,orbital gyri,0.5571,low_confidence
species,Trapezoid Bundle Region,llm_accept_top1,HOMBA:12796,HOMBA:12796,trapezoid body,0.5288,low_confidence,HOMBA:12796,trapezoid body,0.5289,low_confidence
species,Superior periolivary region,llm_accept_top1,HOMBA:12462,HOMBA:12462,superior olivary complex,0.5311,low_confidence,HOMBA:12462,superior olivary complex,0.5311,low_confidence
species,Prelimbic area,llm_accept_top1,HOMBA:10280,HOMBA:10280,"pregenual cingulate  cortex (area 32, prelimbic cortex)",0.528,low_confidence,HOMBA:10280,"pregenual cingulate  cortex (area 32, prelimbic cortex)",0.528,low_confidence
species,Infralimbic area,llm_accept_top1,HOMBA:AA30037,HOMBA:AA30037,rostrodorsal division of A25 (infralimbic cortex),0.5474,low_confidence,HOMBA:AA30037,rostrodorsal division of A25 (infralimbic cortex),0.5474,low_confidence
species,Peri-basal region,llm_accept_top1,HOMBA:10349,HOMBA:10349,basal forebrain,0.5525,low_confidence,HOMBA:10349,basal forebrain,0.5525,low_confidence
species,Paraventricular Posterior Thalamus,llm_accept_top1,HOMBA:10457,HOMBA:10457,paraventricular nucleus of thalamus,0.5627,low_confidence,HOMBA:10457,paraventricular nucleus of thalamus,0.5627,low_confidence
species,Paraventricular Anterior Thalamus,llm_accept_top1,HOMBA:10457,HOMBA:10457,paraventricular nucleus of thalamus,0.5714,low_confidence,HOMBA:10457,paraventricular nucleus of thalamus,0.5714,low_confidence
species,"Secondary visual area, lateral part",llm_accept_top1,HOMBA:AA30827,HOMBA:AA30827,"ventral secondary visual cortex (ventral area 18, ventral area OB, area 18b)",0.5737,low_confidence,HOMBA:AA30827,"ventral secondary visual cortex (ventral area 18, ventral area OB, area 18b)",0.5737,low_confidence
species,"Secondary visual area, medial part",llm_accept_top1,HOMBA:AA30823,HOMBA:AA30823,"dorsal secondary visual cortex (dorsal area 18, dorsal area OB, area 18a)",0.575,low_confidence,HOMBA:AA30823,"dorsal secondary visual cortex (dorsal area 18, dorsal area OB, area 18a)",0.575,low_confidence
corpus,Lateral intraparietal area (dorsal),llm_reject_top1,,HOMBA:12227,"dorsal raphe nucleus, lateral division",0.6014,needs_review,HOMBA:267498979,lateral subdivision of area 7,0.5793,modifier_conflict
corpus,Prefrontal area 46,llm_out_of_scope_for_rcs,,HOMBA:10184,"rostroventral division of DFC (area 46, DFCv)",0.6292,needs_review,HOMBA:10184,"rostroventral division of DFC (area 46, DFCv)",0.6292,needs_review
corpus,Posterior opercular area POS2,llm_reject_top1,,HOMBA:AA30485,caudal (posterior) branch of anterior commissure,0.6392,needs_review,HOMBA:AA30485,caudal (posterior) branch of anterior commissure,0.5,low_confidence
corpus,Ventral intraparietal area,llm_reject_top1,,HOMBA:12261,ventral tegmental area,0.6667,needs_review,HOMBA:12187,anterior (ventral /principal) pretectal nucleus,0.5,low_confidence
corpus,Central opercular cortex (posterior),llm_reject_top1,,HOMBA:AA30009,frontal motor cortex (posterior frontal cortex),0.646,needs_review,HOMBA:AA30485,caudal (posterior) branch of anterior commissure,0.5,low_confidence
corpus,Central opercular cortex (anterior),llm_reject_top1,,HOMBA:10318,lateral (rostral) entorhinal cortex,0.6516,needs_review,HOMBA:10278,anterior cingulate  cortex (ventromedial prefrontal cortex),0.5,low_confidence
corpus,Parietal area PF,llm_out_of_scope_for_rcs,,HOMBA:10226,"rostral division of IPC (IPCr, area 40, area PF)",0.6613,needs_review,HOMBA:10226,"rostral division of IPC (IPCr, area 40, area PF)",0.6613,needs_review
corpus,Intracalcarine cortex (superior),llm_reject_top1,,HOMBA:10215,superior medial parietal cortex,0.6664,needs_review,HOMBA:10243,caudal division of area 22,0.5,low_confidence
corpus,A8 catecholaminergic cell group,llm_out_of_scope_for_rcs,,HOMBA:AA30843,A8 dopamine cell group,0.6742,needs_review,HOMBA:AA30843,A8 dopamine cell group,0.6742,needs_review
corpus,Somatosensory area 1,llm_out_of_scope_for_rcs,,HOMBA:AA30014,area 1 of primary somatosensory cortex,0.6339,needs_review,HOMBA:AA30014,area 1 of primary somatosensory cortex,0.6339,needs_review
corpus,Somatosensory area 2,llm_out_of_scope_for_rcs,,HOMBA:AA30015,area 2 of primary somatosensory cortex,0.6339,needs_review,HOMBA:AA30015,area 2 of primary somatosensory cortex,0.6339,needs_review
corpus,Intracalcarine cortex (inferior),llm_reject_top1,,HOMBA:10225,inferior lateral parietal cortex,0.6815,needs_review,HOMBA:12879,"caudal (posterior, inferior) medullary velum",0.5,low_confidence
corpus,Anterior ventral insular area,llm_reject_top1,,HOMBA:AA30890,anterior (ventral) spinal artery,0.7074,needs_review,HOMBA:12187,anterior (ventral /principal) pretectal nucleus,0.5,low_confidence
corpus,Posterior insular area,llm_reject_top1,,HOMBA:AA30485,caudal (posterior) branch of anterior commissure,0.7393,needs_review,HOMBA:AA30485,caudal (posterior) branch of anterior commissure,0.5,low_confidence
corpus,Temporal horn of the lateral ventricle,llm_reject_top1,,HOMBA:10597,rostral horn of lateral ventricles,0.8288,needs_review,HOMBA:10597,rostral horn of lateral ventricles,0.8288,needs_review
corpus,Medial dorsal thalamic nucleus,llm_reject_top1,,HOMBA:10445,central medial nucleus of thalamus,0.7753,modifier_conflict,HOMBA:10398,mediodorsal nucleus of thalamus,1.0,modifier_conflict
corpus,Prefrontal area 10pp,llm_out_of_scope_for_rcs,,HOMBA:10172,prefrontal cortex,0.4595,low_confidence,HOMBA:10172,prefrontal cortex,0.4595,low_confidence
corpus,Area 55b,llm_out_of_scope_for_rcs,,HOMBA:AA30011,area 55b of premotor cortex,0.4681,low_confidence,HOMBA:AA30011,area 55b of premotor cortex,0.4681,low_confidence
corpus,Paracentral area 5L,llm_out_of_scope_for_rcs,,HOMBA:12126,"paracentral lobule, rostral part",0.4649,low_confidence,HOMBA:12126,"paracentral lobule, rostral part",0.4649,low_confidence
corpus,Paracentral area 5m,llm_out_of_scope_for_rcs,,HOMBA:12126,"paracentral lobule, rostral part",0.4649,low_confidence,HOMBA:12126,"paracentral lobule, rostral part",0.4649,low_confidence
corpus,Prefrontal area 10d,llm_out_of_scope_for_rcs,,HOMBA:10172,prefrontal cortex,0.4661,low_confidence,HOMBA:10172,prefrontal cortex,0.4661,low_confidence
corpus,Prefrontal area 10r,llm_out_of_scope_for_rcs,,HOMBA:10172,prefrontal cortex,0.4661,low_confidence,HOMBA:10172,prefrontal cortex,0.4661,low_confidence
corpus,Prefrontal area 47l,llm_out_of_scope_for_rcs,,HOMBA:10172,prefrontal cortex,0.4661,low_confidence,HOMBA:10172,prefrontal cortex,0.4661,low_confidence
corpus,Prefrontal area 47m,llm_out_of_scope_for_rcs,,HOMBA:10172,prefrontal cortex,0.4661,low_confidence,HOMBA:10172,prefrontal cortex,0.4661,low_confidence
corpus,Prefrontal area 47r,llm_out_of_scope_for_rcs,,HOMBA:10172,prefrontal cortex,0.4661,low_confidence,HOMBA:10172,prefrontal cortex,0.4661,low_confidence
corpus,Prefrontal area 47s,llm_out_of_scope_for_rcs,,HOMBA:10172,prefrontal cortex,0.4661,low_confidence,HOMBA:10172,prefrontal cortex,0.4661,low_confidence
corpus,Prefrontal area 8Ad,llm_out_of_scope_for_rcs,,HOMBA:10172,prefrontal cortex,0.4661,low_confidence,HOMBA:10172,prefrontal cortex,0.4661,low_confidence
corpus,Prefrontal area 8Av,llm_out_of_scope_for_rcs,,HOMBA:10172,prefrontal cortex,0.4661,low_confidence,HOMBA:10172,prefrontal cortex,0.4661,low_confidence
corpus,Prefrontal area 8BL,llm_out_of_scope_for_rcs,,HOMBA:10172,prefrontal cortex,0.4661,low_confidence,HOMBA:10172,prefrontal cortex,0.4661,low_confidence
corpus,Prefrontal area 8BM,llm_out_of_scope_for_rcs,,HOMBA:10172,prefrontal cortex,0.4661,low_confidence,HOMBA:10172,prefrontal cortex,0.4661,low_confidence
corpus,Prefrontal area 8C,llm_out_of_scope_for_rcs,,HOMBA:10172,prefrontal cortex,0.4731,low_confidence,HOMBA:10172,prefrontal cortex,0.4732,low_confidence
corpus,Prefrontal area 9a,llm_out_of_scope_for_rcs,,HOMBA:10172,prefrontal cortex,0.4731,low_confidence,HOMBA:10172,prefrontal cortex,0.4732,low_confidence
corpus,Prefrontal area 9m,llm_out_of_scope_for_rcs,,HOMBA:10172,prefrontal cortex,0.4731,low_confidence,HOMBA:10172,prefrontal cortex,0.4732,low_confidence
corpus,Prefrontal area 9p,llm_out_of_scope_for_rcs,,HOMBA:10172,prefrontal cortex,0.4731,low_confidence,HOMBA:10172,prefrontal cortex,0.4732,low_confidence
corpus,Vestigial hippocampal sulcus,llm_reject_top1,,HOMBA:10560,hippocampal commissure,0.4884,low_confidence,HOMBA:10560,hippocampal commissure,0.4884,low_confidence
corpus,Cingulate area 24dd,llm_out_of_scope_for_rcs,,HOMBA:10217,cingulate subdivision of area 5,0.4884,low_confidence,HOMBA:10217,cingulate subdivision of area 5,0.4884,low_confidence
corpus,Cingulate area 24dv,llm_out_of_scope_for_rcs,,HOMBA:10217,cingulate subdivision of area 5,0.4884,low_confidence,HOMBA:10217,cingulate subdivision of area 5,0.4884,low_confidence
corpus,Opercular area OP2-3,llm_out_of_scope_for_rcs,,HOMBA:266441161,opercular subdivision of area 44,0.4927,low_confidence,HOMBA:266441161,opercular subdivision of area 44,0.4927,low_confidence
corpus,Premotor area 6mp,llm_out_of_scope_for_rcs,,HOMBA:10168,"premotor cortex (area 6, area FB, secondary motor cortex)",0.5036,low_confidence,HOMBA:10168,"premotor cortex (area 6, area FB, secondary motor cortex)",0.5037,low_confidence
corpus,Cingulate area 23c,llm_out_of_scope_for_rcs,,HOMBA:10217,cingulate subdivision of area 5,0.4934,low_confidence,HOMBA:10217,cingulate subdivision of area 5,0.4934,low_confidence
corpus,Cingulate area 23d,llm_out_of_scope_for_rcs,,HOMBA:10217,cingulate subdivision of area 5,0.4934,low_confidence,HOMBA:10217,cingulate subdivision of area 5,0.4934,low_confidence
corpus,Cingulate area 31a,llm_out_of_scope_for_rcs,,HOMBA:10217,cingulate subdivision of area 5,0.4934,low_confidence,HOMBA:10217,cingulate subdivision of area 5,0.4934,low_confidence
corpus,Cingulate area a24,llm_out_of_scope_for_rcs,,HOMBA:10217,cingulate subdivision of area 5,0.4934,low_confidence,HOMBA:10217,cingulate subdivision of area 5,0.4934,low_confidence
corpus,Cingulate area p24,llm_out_of_scope_for_rcs,,HOMBA:10217,cingulate subdivision of area 5,0.4934,low_confidence,HOMBA:10217,cingulate subdivision of area 5,0.4934,low_confidence
corpus,Premotor area 6a,llm_out_of_scope_for_rcs,,HOMBA:10168,"premotor cortex (area 6, area FB, secondary motor cortex)",0.5111,low_confidence,HOMBA:10168,"premotor cortex (area 6, area FB, secondary motor cortex)",0.5111,low_confidence
corpus,Premotor area 6d,llm_out_of_scope_for_rcs,,HOMBA:10168,"premotor cortex (area 6, area FB, secondary motor cortex)",0.5111,low_confidence,HOMBA:10168,"premotor cortex (area 6, area FB, secondary motor cortex)",0.5111,low_confidence
corpus,Premotor area 6m,llm_out_of_scope_for_rcs,,HOMBA:10168,"premotor cortex (area 6, area FB, secondary motor cortex)",0.5111,low_confidence,HOMBA:10168,"premotor cortex (area 6, area FB, secondary motor cortex)",0.5111,low_confidence
corpus,Premotor area 6r,llm_out_of_scope_for_rcs,,HOMBA:10168,"premotor cortex (area 6, area FB, secondary motor cortex)",0.5111,low_confidence,HOMBA:10168,"premotor cortex (area 6, area FB, secondary motor cortex)",0.5111,low_confidence
corpus,Premotor area 6v,llm_out_of_scope_for_rcs,,HOMBA:10168,"premotor cortex (area 6, area FB, secondary motor cortex)",0.5111,low_confidence,HOMBA:10168,"premotor cortex (area 6, area FB, secondary motor cortex)",0.5111,low_confidence
corpus,Centre median parafascicular complex,llm_reject_top1,,HOMBA:10428,posterior nuclear complex of thalamus,0.5019,low_confidence,HOMBA:10428,posterior nuclear complex of thalamus,0.5019,low_confidence
corpus,Laterodorsal tegmentum,llm_reject_top1,,HOMBA:12416,pontine tegmentum,0.5002,low_confidence,HOMBA:12416,pontine tegmentum,0.5003,low_confidence
corpus,Temporal area STSda,llm_out_of_scope_for_rcs,,HOMBA:12139,temporal lobe,0.498,low_confidence,HOMBA:12139,temporal lobe,0.4981,low_confidence
corpus,Temporal area STSdp,llm_out_of_scope_for_rcs,,HOMBA:12139,temporal lobe,0.498,low_confidence,HOMBA:12139,temporal lobe,0.4981,low_confidence
corpus,Temporal area STSva,llm_out_of_scope_for_rcs,,HOMBA:12139,temporal lobe,0.498,low_confidence,HOMBA:12139,temporal lobe,0.4981,low_confidence
corpus,Temporal area STSvp,llm_out_of_scope_for_rcs,,HOMBA:12139,temporal lobe,0.498,low_confidence,HOMBA:12139,temporal lobe,0.4981,low_confidence
corpus,Temporal area STGg,llm_out_of_scope_for_rcs,,HOMBA:12139,temporal lobe,0.5051,low_confidence,HOMBA:12139,temporal lobe,0.5051,low_confidence
corpus,Temporal area TE1a,llm_out_of_scope_for_rcs,,HOMBA:12139,temporal lobe,0.5076,low_confidence,HOMBA:12139,temporal lobe,0.5076,low_confidence
corpus,Temporal area TE1m,llm_out_of_scope_for_rcs,,HOMBA:12139,temporal lobe,0.5076,low_confidence,HOMBA:12139,temporal lobe,0.5076,low_confidence
corpus,Temporal area TE1p,llm_out_of_scope_for_rcs,,HOMBA:12139,temporal lobe,0.5076,low_confidence,HOMBA:12139,temporal lobe,0.5076,low_confidence
corpus,Temporal area TE2a,llm_out_of_scope_for_rcs,,HOMBA:12139,temporal lobe,0.5076,low_confidence,HOMBA:12139,temporal lobe,0.5076,low_confidence
corpus,Forel's field H,llm_out_of_scope_for_rcs,,HOMBA:AA30325,prerubral field (field H3),0.5177,low_confidence,HOMBA:AA30325,prerubral field (field H3),0.5177,low_confidence
corpus,Temporal area PSL,llm_out_of_scope_for_rcs,,HOMBA:12139,temporal lobe,0.5127,low_confidence,HOMBA:12139,temporal lobe,0.5127,low_confidence
corpus,Temporal area TGd,llm_out_of_scope_for_rcs,,HOMBA:12139,temporal lobe,0.5127,low_confidence,HOMBA:12139,temporal lobe,0.5127,low_confidence
corpus,Opercular area OP1,llm_out_of_scope_for_rcs,,HOMBA:266441161,opercular subdivision of area 44,0.5208,low_confidence,HOMBA:266441161,opercular subdivision of area 44,0.5208,low_confidence
corpus,Opercular area OP4,llm_out_of_scope_for_rcs,,HOMBA:266441161,opercular subdivision of area 44,0.5278,low_confidence,HOMBA:266441161,opercular subdivision of area 44,0.5278,low_confidence
corpus,Precuneal cortex,llm_reject_top1,,HOMBA:10172,prefrontal cortex,0.5343,low_confidence,HOMBA:10159,cerebral cortex,0.5,low_confidence
corpus,Prefrontal area 9-46d,llm_out_of_scope_for_rcs,,HOMBA:10181,intermediate division of DFC (area 9/46),0.545,low_confidence,HOMBA:10181,intermediate division of DFC (area 9/46),0.545,low_confidence
corpus,Prefrontal area 9-46v,llm_out_of_scope_for_rcs,,HOMBA:10181,intermediate division of DFC (area 9/46),0.545,low_confidence,HOMBA:10181,intermediate division of DFC (area 9/46),0.545,low_confidence
corpus,A1 catecholaminergic cell group,llm_out_of_scope_for_rcs,,HOMBA:AA30843,A8 dopamine cell group,0.5466,low_confidence,HOMBA:AA30843,A8 dopamine cell group,0.5467,low_confidence
corpus,A4 catecholaminergic cell group,llm_out_of_scope_for_rcs,,HOMBA:AA30843,A8 dopamine cell group,0.5466,low_confidence,HOMBA:AA30843,A8 dopamine cell group,0.5467,low_confidence
corpus,A5 catecholaminergic cell group,llm_out_of_scope_for_rcs,,HOMBA:AA30843,A8 dopamine cell group,0.5466,low_confidence,HOMBA:AA30843,A8 dopamine cell group,0.5467,low_confidence
corpus,Insular area FOP1,llm_out_of_scope_for_rcs,,HOMBA:12176,insular lobe,0.5475,low_confidence,HOMBA:12176,insular lobe,0.5475,low_confidence
corpus,Insular area FOP2,llm_out_of_scope_for_rcs,,HOMBA:12176,insular lobe,0.5475,low_confidence,HOMBA:12176,insular lobe,0.5475,low_confidence
corpus,Insular area FOP3,llm_out_of_scope_for_rcs,,HOMBA:12176,insular lobe,0.5475,low_confidence,HOMBA:12176,insular lobe,0.5475,low_confidence
corpus,Insular area FOP4,llm_out_of_scope_for_rcs,,HOMBA:12176,insular lobe,0.5475,low_confidence,HOMBA:12176,insular lobe,0.5475,low_confidence
corpus,Insular area FOP5,llm_out_of_scope_for_rcs,,HOMBA:12176,insular lobe,0.5475,low_confidence,HOMBA:12176,insular lobe,0.5475,low_confidence
corpus,Anterior intraparietal area,llm_reject_top1,,HOMBA:AA30484,rostral (anterior) branch of anterior commissure,0.5493,low_confidence,HOMBA:10362,anterior amygdaloid area,0.5068,low_confidence
corpus,Cuneal cortex,llm_reject_top1,,HOMBA:12308,external shell (cortex) of inferior colliculus,0.5664,low_confidence,HOMBA:AA30018,posterior limiting parietal cortex,0.5133,low_confidence
corpus,Temporal area TF,llm_out_of_scope_for_rcs,,HOMBA:10260,lateral division of PHC (area TF),0.5687,low_confidence,HOMBA:10260,lateral division of PHC (area TF),0.5688,low_confidence
corpus,Parietal area IP0,llm_out_of_scope_for_rcs,,HOMBA:12131,parietal lobe,0.5658,low_confidence,HOMBA:12131,parietal lobe,0.5659,low_confidence
corpus,Parietal area IP1,llm_out_of_scope_for_rcs,,HOMBA:12131,parietal lobe,0.5658,low_confidence,HOMBA:12131,parietal lobe,0.5659,low_confidence
corpus,Parietal area IP2,llm_out_of_scope_for_rcs,,HOMBA:12131,parietal lobe,0.5658,low_confidence,HOMBA:12131,parietal lobe,0.5659,low_confidence
corpus,Parietal area PFt,llm_out_of_scope_for_rcs,,HOMBA:12131,parietal lobe,0.5658,low_confidence,HOMBA:12131,parietal lobe,0.5659,low_confidence
corpus,Parietal area PGi,llm_out_of_scope_for_rcs,,HOMBA:12131,parietal lobe,0.5658,low_confidence,HOMBA:12131,parietal lobe,0.5659,low_confidence
corpus,Parietal area PGp,llm_out_of_scope_for_rcs,,HOMBA:12131,parietal lobe,0.5658,low_confidence,HOMBA:12131,parietal lobe,0.5659,low_confidence
corpus,Parietal area PGs,llm_out_of_scope_for_rcs,,HOMBA:12131,parietal lobe,0.5658,low_confidence,HOMBA:12131,parietal lobe,0.5659,low_confidence
corpus,Frontal area SFL,llm_out_of_scope_for_rcs,,HOMBA:12113,frontal lobe,0.5715,low_confidence,HOMBA:12113,frontal lobe,0.5716,low_confidence
corpus,Parietal area PFm,llm_out_of_scope_for_rcs,,HOMBA:12131,parietal lobe,0.5758,low_confidence,HOMBA:12131,parietal lobe,0.5759,low_confidence
corpus,Parietal area PFop,llm_out_of_scope_for_rcs,,HOMBA:12131,parietal lobe,0.5776,low_confidence,HOMBA:12131,parietal lobe,0.5776,low_confidence
corpus,Parietal area PFcm,llm_out_of_scope_for_rcs,,HOMBA:12131,parietal lobe,0.579,low_confidence,HOMBA:12131,parietal lobe,0.579,low_confidence
species,Centrolateral and Paracentral Thalamus,llm_reject_top1,,HOMBA:10443,rostral intralaminar nuclei of thalamus,0.5871,low_confidence,HOMBA:10443,rostral intralaminar nuclei of thalamus,0.5872,low_confidence
species,"Ventral striatal region, unspecified",llm_reject_top1,,HOMBA:12187,anterior (ventral /principal) pretectal nucleus,0.6019,needs_review,HOMBA:AA30195,ventral striatum (STRv),0.5681,low_confidence
species,Fastigial Cerebellar Nucleus,llm_reject_top1,,HOMBA:10660,cerebellar deep nuclei,0.6095,needs_review,HOMBA:10660,cerebellar deep nuclei,0.6095,needs_review
species,Saginum Nucleus,llm_reject_top1,,HOMBA:12313,sagulum nucleus (nucleus sagulum),0.6108,needs_review,HOMBA:12313,sagulum nucleus (nucleus sagulum),1.0,high_confidence
species,"Primary somatosensory area, forelimb representation",llm_out_of_scope_for_rcs,,HOMBA:10209,"primary somatosensory cortex (first somatosensory cortex, areas 3,1,2)",0.6168,needs_review,HOMBA:10209,"primary somatosensory cortex (first somatosensory cortex, areas 3,1,2)",0.6168,needs_review
species,"Primary somatosensory area, hindlimb representation",llm_out_of_scope_for_rcs,,HOMBA:10209,"primary somatosensory cortex (first somatosensory cortex, areas 3,1,2)",0.6168,needs_review,HOMBA:10209,"primary somatosensory cortex (first somatosensory cortex, areas 3,1,2)",0.6168,needs_review
species,Perirhinal area 36,llm_out_of_scope_for_rcs,,HOMBA:AA30025,perirhinal cortical region,0.6239,needs_review,HOMBA:AA30025,perirhinal cortical region,0.6239,needs_review
species,Orbital cortex (ventral),llm_reject_top1,,HOMBA:12187,anterior (ventral /principal) pretectal nucleus,0.6295,needs_review,HOMBA:10194,orbital frontal cortex,0.6158,needs_review
species,Ethmoid-Limitans nucleus,llm_reject_top1,,HOMBA:AA30314,ethmoid thalamic nucleus,0.6309,needs_review,HOMBA:AA30314,ethmoid thalamic nucleus,0.6309,needs_review
species,"Supratemporal plane, posterior",llm_reject_top1,,HOMBA:AA30485,caudal (posterior) branch of anterior commissure,0.6392,needs_review,HOMBA:AA30485,caudal (posterior) branch of anterior commissure,0.5,low_confidence
species,Perirhinal area 35,llm_out_of_scope_for_rcs,,HOMBA:10320,perirhinal cortex (area 35),0.6507,needs_review,HOMBA:10320,perirhinal cortex (area 35),0.6507,needs_review
species,Nucleus of the stria medullaris,llm_reject_top1,,HOMBA:10590,stria medullaris of thalamus,0.6458,needs_review,HOMBA:10590,stria medullaris of thalamus,0.6458,needs_review
species,"Central opercular cortex, posterior",llm_reject_top1,,HOMBA:AA30009,frontal motor cortex (posterior frontal cortex),0.646,needs_review,HOMBA:12841,"lobule III (central lobule and wing, posterior part)",0.5794,low_confidence
species,"Laterodorsal thalamic nucleus, ventrolateral part",llm_reject_top1,,HOMBA:10443,rostral intralaminar nuclei of thalamus,0.6508,needs_review,HOMBA:12519,laterodorsal tegmental nucleus,0.6365,needs_review
species,Anterior Interposed Cerebellar Nucleus,llm_reject_top1,,HOMBA:12471,pontine raphe region,0.6497,needs_review,HOMBA:12471,pontine raphe region,0.6497,needs_review
species,Frontal association cortex,llm_out_of_scope_for_rcs,,HOMBA:10161,frontal cortex,0.6635,needs_review,HOMBA:10161,frontal cortex,0.6635,needs_review
species,"Laterodorsal thalamic nucleus, dorsomedial part",llm_reject_top1,,HOMBA:AA30276,ventral midline nuclei of thalamus,0.6675,needs_review,HOMBA:AA30276,ventral midline nuclei of thalamus,0.6609,needs_review
species,Posterior Interposed Cerebellar Nucleus,llm_reject_top1,,HOMBA:12844,posterior lobe of cerebellar cortex,0.6607,needs_review,HOMBA:12844,posterior lobe of cerebellar cortex,0.6607,needs_review
species,Septimbrial nucleus,llm_reject_top1,,HOMBA:13032,septofimbrial nucleus,0.6729,needs_review,HOMBA:13032,septofimbrial nucleus,1.0,high_confidence
species,Ventroposterior medial and lateral thalamic nuclei,llm_reject_top1,,HOMBA:11515,medial subdivision of LaV,0.665,needs_review,HOMBA:11515,medial subdivision of LaV,0.6869,needs_review
species,Ventral orbital area,llm_reject_top1,,HOMBA:12261,ventral tegmental area,0.6981,needs_review,HOMBA:12187,anterior (ventral /principal) pretectal nucleus,0.5,low_confidence
species,Lateral Cerebellar Nucleus,llm_reject_top1,,HOMBA:AA30564,lateral region of cerebellar hemisphere,0.6835,needs_review,HOMBA:AA30564,lateral region of cerebellar hemisphere,0.6834,needs_review
species,Ventroposterior inferior thalamic nucleus,llm_reject_top1,,HOMBA:10409,pulvinar of thalamus,0.7071,needs_review,HOMBA:10448,caudal intralaminar nuclei of thalamus,0.663,needs_review
species,Orbital cortex (ventrolateral),llm_reject_top1,,HOMBA:13324,ventrolateral temporal cortex,0.7159,needs_review,HOMBA:13324,ventrolateral temporal cortex,0.716,needs_review
species,Centrolateral and paracentral thalamic nuclei,llm_reject_top1,,HOMBA:10443,rostral intralaminar nuclei of thalamus,0.7199,needs_review,HOMBA:10446,paracentral nucleus of thalamus,0.6399,needs_review
species,Interanteromedial Thalamus,llm_reject_top1,,HOMBA:AA30276,ventral midline nuclei of thalamus,0.7068,needs_review,HOMBA:13048,interanteromedial nucleus of thalamus,0.6268,needs_review
species,Stria medullaris thalami,llm_reject_top1,,HOMBA:10590,stria medullaris of thalamus,0.7155,needs_review,HOMBA:10590,stria medullaris of thalamus,1.0,high_confidence
species,Basomedial amygdaloid nucleus,llm_reject_top1,,HOMBA:10366,basolateral nuclear group of amygdala,0.7072,needs_review,HOMBA:10369,basomedial nucleus (accessory basal nucleus) of amygdala,0.6272,needs_review
species,Optic tract and optic chiasm,llm_reject_top1,,HOMBA:10644,optic chiasm,0.7278,needs_review,HOMBA:10644,optic chiasm,0.7376,needs_review
species,Intermediodorsal Thalamus,llm_reject_top1,,HOMBA:AA30274,dorsal midline nuclei of thalamus,0.7102,needs_review,HOMBA:13049,intermediodorsal  nucleus of thalamus,0.6302,needs_review
species,Ventrolateral thalamic nucleus,llm_reject_top1,,HOMBA:10443,rostral intralaminar nuclei of thalamus,0.7446,needs_review,HOMBA:10420,ventral lateral nucleus of thalamus,1.0,high_confidence
species,Kolliker-Fuse Nucleus,llm_reject_top1,,HOMBA:12518,Koelliker-Fuse nucleus,0.7564,needs_review,HOMBA:12518,Koelliker-Fuse nucleus,1.0,high_confidence
species,Laterodorsal thalamic nucleus,llm_reject_top1,,HOMBA:10393,anterodorsal nucleus of thalamus,0.7847,needs_review,HOMBA:10396,lateral dorsal nucleus of thalamus,1.0,high_confidence
species,Intergeniculate leaflet,llm_reject_top1,,HOMBA:AA30305,intergeniculate leaf,0.7733,needs_review,HOMBA:AA30305,intergeniculate leaf,1.0,high_confidence
species,A11 dopamine cell group,llm_out_of_scope_for_rcs,,HOMBA:AA30843,A8 dopamine cell group,0.7763,needs_review,HOMBA:AA30843,A8 dopamine cell group,0.7763,needs_review
species,A13 dopamine cell group,llm_out_of_scope_for_rcs,,HOMBA:AA30843,A8 dopamine cell group,0.7763,needs_review,HOMBA:AA30843,A8 dopamine cell group,0.7763,needs_review
species,Mesencephalic Reticular Formation,llm_reject_top1,,HOMBA:15547,isthmic reticular formation,0.7775,needs_review,HOMBA:15547,isthmic reticular formation,0.7775,needs_review
species,Spinal Trigeminal Nucleus Intermediate,llm_reject_top1,,HOMBA:12436,afferent nuclei of cranial nerves in pons,0.7809,needs_review,HOMBA:12572,spinal trigeminal nucleus,0.7547,needs_review
species,Optic tract/chiasma,llm_reject_top1,,HOMBA:10589,optic tract,0.7884,needs_review,HOMBA:10644,optic chiasm,0.7436,needs_review
species,Cerebellar Lobule 10 Vermis,llm_out_of_scope_for_rcs,,HOMBA:AA30563,cerebellar morphology,0.7921,needs_review,HOMBA:10658,cerebellar vermis,0.7121,needs_review
species,Cerebellar Lobule 1 Vermis,llm_out_of_scope_for_rcs,,HOMBA:AA30563,cerebellar morphology,0.7986,needs_review,HOMBA:10658,cerebellar vermis,0.7186,needs_review
species,Cerebellar Lobule 2 Vermis,llm_out_of_scope_for_rcs,,HOMBA:AA30563,cerebellar morphology,0.7986,needs_review,HOMBA:10658,cerebellar vermis,0.7186,needs_review
species,Cerebellar Lobule 3 Vermis,llm_out_of_scope_for_rcs,,HOMBA:AA30563,cerebellar morphology,0.7986,needs_review,HOMBA:10658,cerebellar vermis,0.7186,needs_review
species,Cerebellar Lobule 4 Vermis,llm_out_of_scope_for_rcs,,HOMBA:AA30563,cerebellar morphology,0.7986,needs_review,HOMBA:10658,cerebellar vermis,0.7186,needs_review
species,Cerebellar Lobule 5 Vermis,llm_out_of_scope_for_rcs,,HOMBA:AA30563,cerebellar morphology,0.7986,needs_review,HOMBA:10658,cerebellar vermis,0.7186,needs_review
species,Cerebellar Lobule 6 Vermis,llm_out_of_scope_for_rcs,,HOMBA:AA30563,cerebellar morphology,0.7986,needs_review,HOMBA:10658,cerebellar vermis,0.7186,needs_review
species,Cerebellar Lobule 7 Vermis,llm_out_of_scope_for_rcs,,HOMBA:AA30563,cerebellar morphology,0.7986,needs_review,HOMBA:10658,cerebellar vermis,0.7186,needs_review
species,Cerebellar Lobule 8 Vermis,llm_out_of_scope_for_rcs,,HOMBA:AA30563,cerebellar morphology,0.7986,needs_review,HOMBA:10658,cerebellar vermis,0.7186,needs_review
species,Cerebellar Lobule 9 Vermis,llm_out_of_scope_for_rcs,,HOMBA:AA30563,cerebellar morphology,0.7986,needs_review,HOMBA:10658,cerebellar vermis,0.7186,needs_review
species,Medial Raphe,llm_reject_top1,,HOMBA:12402,fastigial (medial) nucleus,0.8075,needs_review,HOMBA:12235,median raphe nucleus,0.5491,low_confidence
species,Locus-coeruleus Region,llm_reject_top1,,HOMBA:12499,nucleus coeruleus (locus coeruleus),0.8084,needs_review,HOMBA:12499,nucleus coeruleus (locus coeruleus),1.0,high_confidence
species,Dorsal Lateral Leminscus Nucleus,llm_reject_top1,,HOMBA:10429,lateral geniculate nucleus (dorsal lateral geniculate nucleus),0.811,needs_review,HOMBA:12455,dorsal nucleus of lateral lemniscus,0.9726,high_confidence
species,Abducens Motor Nucleus,llm_reject_top1,,HOMBA:12417,efferent nuclei of cranial nerves in pons,0.8193,needs_review,HOMBA:12418,abducens nucleus,0.7393,needs_review
species,Medial Emminence,llm_out_of_scope_for_rcs,,HOMBA:12820,medial eminence,0.8199,needs_review,HOMBA:12402,fastigial (medial) nucleus,0.5,low_confidence
species,Ventromedial thalamic nucleus,llm_reject_top1,,HOMBA:10448,caudal intralaminar nuclei of thalamus,0.8387,needs_review,HOMBA:10427,ventral medial nucleus of thalamus,1.0,high_confidence
species,Paraventricular hypothalamic nucleus,llm_reject_top1,,HOMBA:AA30274,dorsal midline nuclei of thalamus,0.8661,needs_review,HOMBA:10457,paraventricular nucleus of thalamus,0.7861,needs_review
species,Lateral Ventral Amygdaloid Nucleus,llm_reject_top1,,HOMBA:12093,ventral amygdaloid efferent path,0.6011,modifier_conflict,HOMBA:12093,ventral amygdaloid efferent path,0.6011,modifier_conflict
species,Paraventricular hypothalamic nucleus (medial parvicellular dorsal zone),llm_reject_top1,,HOMBA:10489,dorsal division of VMHco,0.629,modifier_conflict,HOMBA:10489,dorsal division of VMHco,0.629,modifier_conflict
species,Frontal association area 3,llm_out_of_scope_for_rcs,,HOMBA:10190,"frontal polar cortex (FP, area 10)",0.3712,low_confidence,HOMBA:10190,"frontal polar cortex (FP, area 10)",0.3712,low_confidence
species,"Primary somatosensory area, barrel field",llm_out_of_scope_for_rcs,,HOMBA:AA30880,barrel field of S1fm (rodents),0.3142,low_confidence,HOMBA:AA30880,barrel field of S1fm (rodents),0.3142,low_confidence
species,P1 Mesencephalic Reticulum,llm_reject_top1,,HOMBA:12767,mesencephalic trigeminal tract,0.407,low_confidence,HOMBA:12767,mesencephalic trigeminal tract,0.407,low_confidence
species,"External medullary lamina, auditory radiation",llm_reject_top1,,HOMBA:12037,external medullary lamina of globus pallidus,0.4457,low_confidence,HOMBA:12037,external medullary lamina of globus pallidus,0.4457,low_confidence
species,Vestibular apparatus,llm_out_of_scope_for_rcs,,HOMBA:12448,vestibular nuclei in pons,0.4508,low_confidence,HOMBA:12448,vestibular nuclei in pons,0.4508,low_confidence
species,"Hypothalamic region, unspecified",llm_reject_top1,,HOMBA:10607,hypothalamic sulcus,0.4459,low_confidence,HOMBA:10607,hypothalamic sulcus,0.4459,low_confidence
species,"Central opercular cortex, anterior",llm_reject_top1,,HOMBA:AA30484,rostral (anterior) branch of anterior commissure,0.4723,low_confidence,HOMBA:AA30484,rostral (anterior) branch of anterior commissure,0.4724,low_confidence
species,Linear raphe,llm_reject_top1,,HOMBA:12230,linear nucleus of the midbrain,0.4637,low_confidence,HOMBA:12230,linear nucleus of the midbrain,0.4638,low_confidence
species,"Ventricular system, unspecified",llm_reject_top1,,HOMBA:10542,ventricular zone of neocortex,0.4832,low_confidence,HOMBA:10542,ventricular zone of neocortex,0.4832,low_confidence
species,Capsule of the Antherior Thalamus,llm_out_of_scope_for_rcs,,HOMBA:10390,thalamus,0.4902,low_confidence,HOMBA:10390,thalamus,0.4902,low_confidence
species,Retrosplenial dysgranular area,llm_reject_top1,,HOMBA:AA30028,dysgranular division of area prostriata,0.4911,low_confidence,HOMBA:AA30028,dysgranular division of area prostriata,0.4911,low_confidence
species,Fourth Nerve,llm_reject_top1,,HOMBA:12805,fourth ventricle,0.4962,low_confidence,HOMBA:12805,fourth ventricle,0.4962,low_confidence
species,Ventroposterior Inferior Thalamus,llm_reject_top1,,HOMBA:AA30276,ventral midline nuclei of thalamus,0.4975,low_confidence,HOMBA:AA30289,ventroanterior-ventrolateral nuclear complex of thalamus,0.5108,low_confidence
species,Cingulate area 1,llm_out_of_scope_for_rcs,,HOMBA:10217,cingulate subdivision of area 5,0.504,low_confidence,HOMBA:10217,cingulate subdivision of area 5,0.5041,low_confidence
species,Cingulate area 2,llm_out_of_scope_for_rcs,,HOMBA:10217,cingulate subdivision of area 5,0.504,low_confidence,HOMBA:10217,cingulate subdivision of area 5,0.5041,low_confidence
species,"Intracalcarine cortex, inferior",llm_reject_top1,,HOMBA:12305,inferior colliculus,0.5005,low_confidence,HOMBA:12305,inferior colliculus,0.5005,low_confidence
species,"Supratemporal plane, anterior",llm_reject_top1,,HOMBA:AA30484,rostral (anterior) branch of anterior commissure,0.5106,low_confidence,HOMBA:AA30484,rostral (anterior) branch of anterior commissure,0.5,low_confidence
species,"Brainstem, unspecified",llm_out_of_scope_for_rcs,,HOMBA:10648,"gray matter of midbrain (mesencephalon, upper brainstem)",0.5306,low_confidence,HOMBA:10648,"gray matter of midbrain (mesencephalon, upper brainstem)",0.5306,low_confidence
species,Mediolateral Fascicle,llm_reject_top1,,HOMBA:12731,cuneate fasciculus,0.537,low_confidence,HOMBA:12731,cuneate fasciculus,0.537,low_confidence
species,Cerebellar Lobule 3 Intermediate,llm_out_of_scope_for_rcs,,HOMBA:AA30563,cerebellar morphology,0.5472,low_confidence,HOMBA:AA30563,cerebellar morphology,0.5472,low_confidence
species,Cerebellar Lobule 4 Intermediate,llm_out_of_scope_for_rcs,,HOMBA:AA30563,cerebellar morphology,0.5472,low_confidence,HOMBA:AA30563,cerebellar morphology,0.5472,low_confidence
species,Cerebellar Lobule 5 Intermediate,llm_out_of_scope_for_rcs,,HOMBA:AA30563,cerebellar morphology,0.5472,low_confidence,HOMBA:AA30563,cerebellar morphology,0.5472,low_confidence
species,Cerebellar Lobule 6 Intermediate,llm_out_of_scope_for_rcs,,HOMBA:AA30563,cerebellar morphology,0.5472,low_confidence,HOMBA:AA30563,cerebellar morphology,0.5472,low_confidence
species,Acoustic striae,llm_reject_top1,,HOMBA:266441583,acoustic radiation,0.548,low_confidence,HOMBA:266441583,acoustic radiation,0.5469,low_confidence
species,"Intracalcarine cortex, superior",llm_reject_top1,,HOMBA:10214,posterior parietal cortex,0.5499,low_confidence,HOMBA:10214,posterior parietal cortex,0.5499,low_confidence
species,Mircrocellular Tegmentum,llm_out_of_scope_for_rcs,,HOMBA:12282,paracollicular tegmentum,0.556,low_confidence,HOMBA:12282,paracollicular tegmentum,0.556,low_confidence
species,Reuniens-rhomboid-xiphoid Thalamus,llm_reject_top1,,HOMBA:AA30276,ventral midline nuclei of thalamus,0.5644,low_confidence,HOMBA:AA30276,ventral midline nuclei of thalamus,0.5644,low_confidence
species,Medial Dorsal Tegmentum,llm_reject_top1,,HOMBA:11522,magnocellular (dorsal) division of BM,0.592,low_confidence,HOMBA:AA30451,dorsal cell group of medulla tegmentum,0.5542,modifier_conflict
species,Anterior Thalamus,llm_reject_top1,,HOMBA:AA30289,ventroanterior-ventrolateral nuclear complex of thalamus,0.5844,low_confidence,HOMBA:AA30289,ventroanterior-ventrolateral nuclear complex of thalamus,0.5844,low_confidence
species,Corpus callosum and associated subcortical white matter,llm_reject_top1,,HOMBA:AA30482,white matter of brain,0.5965,low_confidence,HOMBA:AA30482,white matter of brain,0.5966,low_confidence
